"Número do Alimento","Categoria do alimento","Descrição dos alimentos","Saturados..g.","Mono.insaturados..g.","Poli.insaturados..g.","X12.0..g.","X14.0..g.","X16.0..g.","X18.0..g.","X20.0..g.","X22.0..g.","X24.0..g.","X14.1..g.","X16.1..g.","X18.1..g.","X20.1..g.","X18.2.n.6..g.","X18.3.n.3..g.","X20.4..g.","X20.5..g.","X22.5..g.","X22.6..g.","X18.1t..g.","X18.2t..g."
1,"Cereais e derivados","Arroz, integral, cozido",0.3,0.4,0.3,NA,1e-05,0.25,0.02,1e-05,1e-05,1e-05,NA,NA,0.36,1e-05,0.31,0.01,NA,NA,1e-05,NA,NA,NA
2,"Cereais e derivados","Arroz, integral, cru",0.3,0.5,0.4,NA,0.01,0.24,0.02,0.01,1e-05,1e-05,NA,1e-05,0.45,1e-05,0.38,0.02,NA,NA,NA,NA,NA,NA
3,"Cereais e derivados","Arroz, tipo 1, cozido",0.2,1e-05,1e-05,NA,1e-05,0.16,0.01,NA,NA,NA,NA,NA,0.04,NA,0.06,NA,NA,NA,NA,NA,NA,NA
4,"Cereais e derivados","Arroz, tipo 1, cru",0.1,0.1,0.1,1e-05,1e-05,0.06,0.01,1e-05,1e-05,1e-05,NA,NA,0.06,NA,0.08,1e-05,NA,NA,NA,NA,NA,1e-05
5,"Cereais e derivados","Arroz, tipo 2, cozido",0.1,0.1,0.1,NA,1e-05,0.12,0.02,NA,NA,NA,NA,1e-05,0.12,1e-05,0.09,1e-05,NA,NA,NA,NA,NA,NA
6,"Cereais e derivados","Arroz, tipo 2, cru",0.1,0.1,0.1,NA,1e-05,0.06,0.01,1e-05,1e-05,1e-05,NA,NA,0.09,1e-05,0.09,1e-05,NA,NA,NA,NA,NA,NA
7,"Cereais e derivados","Aveia, flocos, crua",1.5,3.2,3,NA,0.02,1.37,0.14,1e-05,NA,0.02,NA,1e-05,3.1,0.05,2.95,0.06,NA,NA,NA,NA,NA,NA
8,"Cereais e derivados","Biscoito, doce, maisena",3.9,3.7,2.2,0.03,0.07,2.76,0.94,0.03,0.02,0.01,NA,0.02,3.7,0.02,2.13,0.1,NA,NA,NA,NA,1.36,0.22
9,"Cereais e derivados","Biscoito, doce, recheado com chocolate",6.2,6.6,1.7,0.19,0.13,3.11,2.55,0.07,0.07,0.02,NA,0.02,6.55,0.04,1.68,0.06,NA,NA,NA,NA,3.84,0.37
10,"Cereais e derivados","Biscoito, doce, recheado com morango",6.1,6.5,1.7,0.07,0.07,3.35,2.41,0.06,NA,NA,NA,0.04,6.4,0.02,1.61,0.06,NA,NA,NA,NA,4.21,0.32
11,"Cereais e derivados","Biscoito, doce, wafer, recheado de chocolate",6.5,8.1,1.9,NA,0.02,3.21,3.02,0.09,0.12,0.02,0.02,0.02,8.07,0.02,1.84,0.09,NA,NA,NA,NA,6.63,0.42
12,"Cereais e derivados","Biscoito, doce, wafer, recheado de morango",6.7,8.9,1.8,NA,0.03,3.32,3.1,0.1,0.1,0.03,NA,0.03,8.83,0.03,1.77,0.08,NA,NA,NA,NA,7.24,0.56
13,"Cereais e derivados","Biscoito, salgado, cream cracker",4.4,4.6,2.9,0.01,0.07,2.99,1.24,0.04,0.03,0.01,NA,0.06,4.52,0.03,2.79,0.01,NA,NA,NA,NA,1.57,0.23
14,"Cereais e derivados","Bolo, mistura para",2.1,1.9,0.8,0.01,0.03,1.03,0.97,0.02,0.02,0.01,NA,0.01,1.88,0.01,0.78,0.03,NA,NA,NA,NA,0.93,0.15
15,"Cereais e derivados","Bolo, pronto, aipim",5,3.9,1.1,0.98,0.48,1.88,1.28,0.04,0.04,0.01,NA,0.06,3.8,0.02,1,0.06,0.04,NA,NA,NA,1.99,NA
16,"Cereais e derivados","Bolo, pronto, chocolate",5.5,6.2,3,NA,0.06,2.97,2.33,0.07,0.06,0.02,NA,0.06,6.15,0.04,2.83,0.04,0.02,NA,NA,NA,2.49,0.42
17,"Cereais e derivados","Bolo, pronto, coco",4.9,3,1.8,1,0.48,1.82,1.24,0.03,0.03,0.01,NA,0.05,2.92,0.03,1.69,0.06,0.02,NA,NA,NA,0.89,0.19
18,"Cereais e derivados","Bolo, pronto, milho",4.5,3.9,1.5,0.79,0.37,1.79,1.19,0.04,0.05,0.01,NA,0.06,3.79,0.03,1.34,0.08,0.04,NA,NA,NA,1.82,0.17
19,"Cereais e derivados","Canjica, branca, crua",0.3,0.2,0.4,NA,NA,0.27,0.03,1e-05,NA,1e-05,NA,1e-05,0.24,1e-05,0.38,0.01,NA,NA,NA,NA,NA,NA
20,"Cereais e derivados","Canjica, com leite integral",0.6,0.4,0.1,0.01,0.08,0.37,0.15,1e-05,NA,NA,NA,0.02,0.35,NA,0.15,1e-05,NA,NA,NA,NA,0.02,NA
21,"Cereais e derivados","Cereais, milho, flocos, com sal",0.5,0.6,0.9,NA,1e-05,0.39,0.05,0.01,1e-05,0.01,NA,1e-05,0.6,0.01,0.89,0.03,NA,NA,NA,NA,NA,NA
22,"Cereais e derivados","Cereais, milho, flocos, sem sal",0.3,0.3,0.6,NA,1e-05,0.27,0.03,0.01,1e-05,1e-05,NA,1e-05,0.33,1e-05,0.6,0.02,NA,NA,NA,NA,NA,NA
23,"Cereais e derivados","Cereais, mingau, milho, infantil",0.3,0.3,0.5,NA,1e-05,0.26,0.03,1e-05,1e-05,NA,NA,NA,0.28,1e-05,0.45,0.01,NA,NA,NA,NA,1e-05,1e-05
24,"Cereais e derivados","Cereais, mistura para vitamina, trigo, cevada e aveia",0.5,0.4,1,NA,1e-05,0.43,0.03,1e-05,1e-05,1e-05,NA,1e-05,0.34,0.02,0.93,0.06,NA,NA,NA,NA,NA,0.01
25,"Cereais e derivados","Cereal matinal, milho",0.4,0.3,0.3,NA,NA,0.32,0.04,1e-05,1e-05,1e-05,NA,1e-05,0.32,NA,0.31,1e-05,NA,1e-05,NA,NA,1e-05,NA
26,"Cereais e derivados","Cereal matinal, milho, açúcar",0.2,0.3,0.3,NA,NA,0.2,0.03,1e-05,1e-05,1e-05,NA,1e-05,0.29,NA,0.33,1e-05,NA,1e-05,NA,NA,1e-05,NA
27,"Cereais e derivados","Creme de arroz, pó",0.4,0.3,0.4,NA,0.01,0.37,0.03,1e-05,NA,0.01,NA,1e-05,0.31,1e-05,0.43,0.01,NA,NA,NA,NA,NA,NA
28,"Cereais e derivados","Creme de milho, pó",0.3,0.5,0.8,NA,NA,0.29,0.04,0.01,NA,1e-05,NA,1e-05,0.45,1e-05,0.75,0.02,NA,NA,NA,NA,NA,NA
29,"Cereais e derivados","Curau, milho verde",0.8,0.5,0.2,0.01,0.11,0.48,0.19,1e-05,NA,NA,1e-05,0.03,0.44,NA,0.17,1e-05,NA,NA,NA,NA,0.04,NA
30,"Cereais e derivados","Curau, milho verde, mistura para",3,4.9,1.4,NA,0.01,1.55,1.3,0.05,0.06,0.03,NA,NA,4.85,0.03,1.38,0.03,NA,NA,NA,NA,2.81,0.63
31,"Cereais e derivados","Farinha, de arroz, enriquecida",0.2,0.1,0.2,1e-05,1e-05,0.18,0.01,1e-05,1e-05,1e-05,NA,1e-05,0.08,1e-05,0.17,0.01,NA,NA,NA,NA,1e-05,1e-05
32,"Cereais e derivados","Farinha, de centeio, integral",0.3,0.3,0.8,NA,1e-05,0.31,0.02,1e-05,1e-05,NA,NA,1e-05,0.26,0.01,0.73,NA,NA,NA,NA,NA,NA,1e-05
33,"Cereais e derivados","Farinha, de milho, amarela",0.4,0.4,0.6,1e-05,1e-05,0.3,0.04,0.01,NA,NA,NA,1e-05,0.38,1e-05,0.63,0.02,NA,NA,NA,NA,NA,NA
34,"Cereais e derivados","Farinha, de rosca",0.6,0.4,0.8,0.01,0.02,0.44,0.07,1e-05,NA,NA,NA,0.01,0.37,0.01,0.74,0.05,NA,NA,NA,NA,0.02,0.01
35,"Cereais e derivados","Farinha, de trigo",0.3,0.2,0.4,NA,1e-05,0.3,0.01,1e-05,1e-05,1e-05,NA,1e-05,0.13,NA,0.43,0.01,NA,1e-05,1e-05,NA,NA,1e-05
36,"Cereais e derivados","Farinha, láctea, de cereais",3.3,1.4,0.6,0.12,0.5,1.73,0.58,0.01,0.01,NA,0.03,0.11,1.2,NA,0.59,0.03,NA,NA,NA,NA,0.13,0.02
37,"Cereais e derivados","Lasanha, massa fresca, cozida",0.6,0.4,0.1,NA,NA,0.48,0.1,NA,NA,NA,NA,0.02,0.4,1e-05,0.1,NA,NA,NA,NA,NA,NA,NA
38,"Cereais e derivados","Lasanha, massa fresca, crua",0.5,0.4,0.4,NA,NA,0.39,0.08,NA,NA,NA,NA,0.01,0.39,1e-05,0.38,0.01,NA,NA,NA,NA,NA,NA
41,"Cereais e derivados","Macarrão, trigo, cru, com ovos",0.5,0.4,0.8,NA,NA,0.46,0.07,1e-05,1e-05,1e-05,NA,1e-05,0.38,1e-05,0.73,0.03,NA,NA,NA,NA,NA,1e-05
43,"Cereais e derivados","Milho, fubá, cru",0.4,0.9,1.3,NA,NA,0.35,0.07,0.02,1e-05,1e-05,NA,1e-05,0.89,1e-05,1.29,0.03,NA,NA,1e-05,NA,NA,NA
44,"Cereais e derivados","Milho, verde, cru",0.2,0.2,0.6,NA,NA,0.16,0.01,1e-05,1e-05,1e-05,NA,1e-05,0.23,1e-05,0.53,0.02,NA,NA,NA,NA,NA,NA
45,"Cereais e derivados","Milho, verde, enlatado, drenado",0.6,0.8,0.9,NA,NA,0.49,0.06,0.01,NA,NA,NA,1e-05,0.78,1e-05,0.88,0.03,NA,NA,NA,NA,NA,NA
46,"Cereais e derivados","Mingau tradicional, pó",0.1,1e-05,0.1,1e-05,NA,0.12,0.01,NA,NA,NA,NA,NA,0.05,NA,0.13,0.01,NA,NA,NA,NA,NA,NA
47,"Cereais e derivados","Pamonha, barra para cozimento, pré-cozida",0.5,0.7,1.4,NA,0.01,0.37,0.12,0.01,0.01,0.01,NA,NA,0.65,0.02,1.32,0.09,NA,NA,NA,NA,0.07,0.04
48,"Cereais e derivados","Pão, aveia, forma",1.1,1,1.6,1e-05,0.01,0.62,0.4,0.01,0.01,NA,NA,0.01,0.94,0.02,1.06,0.59,NA,NA,NA,NA,0.11,0.01
49,"Cereais e derivados","Pão, de soja",0.7,0.6,1.6,NA,0.01,0.52,0.16,0.01,0.01,NA,NA,0.01,0.62,0.01,1.41,0.14,NA,NA,NA,NA,0.01,NA
50,"Cereais e derivados","Pão, glúten, forma",0.5,0.6,0.7,NA,1e-05,0.39,0.08,0.01,0.01,NA,NA,0.01,0.56,0.01,0.69,0.04,NA,NA,NA,NA,0.11,0.05
51,"Cereais e derivados","Pão, milho, forma",0.6,0.6,1,0.01,0.01,0.47,0.11,0.01,0.01,NA,NA,0.01,0.62,0.01,0.98,0.03,NA,NA,NA,NA,0.07,NA
52,"Cereais e derivados","Pão, trigo, forma, integral",0.7,0.8,1.1,1e-05,0.01,0.5,0.19,0.01,0.01,NA,NA,0.02,0.74,0.01,0.98,0.08,NA,NA,NA,NA,0.21,0.07
53,"Cereais e derivados","Pão, trigo, francês",1,0.9,0.7,1e-05,0.01,0.65,0.29,0.01,0.01,NA,NA,1e-05,0.85,0.01,0.7,0.04,NA,NA,NA,NA,0.35,0.02
54,"Cereais e derivados","Pão, trigo, sovado",0.8,0.7,0.7,0.01,0.01,0.66,0.14,NA,NA,NA,NA,0.02,0.62,0.01,0.68,0.04,NA,NA,NA,NA,0.06,NA
55,"Cereais e derivados","Pastel, de carne, cru",3.7,2.9,1.1,0.07,0.12,2.47,1,0.03,0.01,0.01,0.01,0.05,2.82,0.01,1.06,0.04,NA,NA,NA,NA,0.52,0.07
56,"Cereais e derivados","Pastel, de carne, frito",4.8,5.9,7.6,NA,0.12,2.73,1.7,0.06,0.1,0.04,NA,0.08,5.74,0.04,6.97,0.59,0.02,NA,NA,NA,0.54,0.15
59,"Cereais e derivados","Pastel, massa, crua",2.1,1.7,0.9,0.02,0.03,1.5,0.49,0.02,0.02,0.01,NA,0.01,1.66,0.01,0.91,0.03,NA,NA,NA,NA,0.47,0.05
60,"Cereais e derivados","Pastel, massa, frita",6.9,10.1,21.2,NA,0.04,4.92,1.48,0.16,0.2,0.08,NA,1e-05,9.75,0.33,19.61,1.32,NA,NA,NA,NA,NA,NA
61,"Cereais e derivados","Pipoca, com óleo de soja, sem sal",2.4,3.7,9.2,NA,NA,1.77,0.46,0.05,0.06,0.03,NA,NA,3.67,0.03,8.48,0.69,NA,NA,NA,NA,NA,NA
63,"Cereais e derivados","Torrada, pão francês",0.9,0.8,1,NA,0.01,0.63,0.19,0.01,0.01,0.01,NA,0.01,0.76,0.01,0.99,0.05,NA,NA,NA,NA,0.38,0.07
64,"Verduras, hortaliças e derivados","Abóbora, cabotian, cozida",0.1,0.2,0.2,NA,1e-05,0.12,0.02,1e-05,NA,NA,NA,1e-05,0.22,1e-05,0.15,0.08,NA,NA,NA,NA,NA,NA
65,"Verduras, hortaliças e derivados","Abóbora, cabotian, crua",0.1,0.1,0,NA,NA,0.11,0.01,NA,NA,NA,NA,NA,0.08,NA,0.04,0.01,NA,NA,NA,NA,NA,NA
68,"Verduras, hortaliças e derivados","Abóbora, moranga, refogada",0.1,0.2,0.4,NA,NA,0.09,0.03,1e-05,1e-05,NA,NA,NA,0.19,NA,0.4,0.05,NA,NA,NA,NA,NA,NA
70,"Verduras, hortaliças e derivados","Abobrinha, italiana, cozida",0.1,1e-05,0.1,NA,NA,0.05,1e-05,1e-05,1e-05,1e-05,NA,NA,1e-05,NA,0.03,0.03,NA,NA,NA,NA,NA,NA
72,"Verduras, hortaliças e derivados","Abobrinha, italiana, refogada",0.1,0.2,0.5,NA,NA,0.1,0.03,1e-05,1e-05,1e-05,NA,NA,0.18,NA,0.4,0.06,NA,NA,NA,NA,NA,NA
81,"Verduras, hortaliças e derivados","Alfavaca, crua",0.1,1e-05,0.2,1e-05,1e-05,0.11,0.02,1e-05,1e-05,1e-05,NA,0.01,0.01,NA,0.04,0.16,NA,NA,NA,NA,NA,NA
85,"Verduras, hortaliças e derivados","Almeirão, refogado",0.8,1.1,2.6,NA,NA,0.53,0.19,0.02,0.02,1e-05,NA,1e-05,1.11,0.03,2.3,0.35,NA,NA,NA,NA,NA,0.04
90,"Verduras, hortaliças e derivados","Batata, frita, tipo chips, industrializada",12.9,11.9,4,0.1,0.25,10.98,1.3,0.11,0.02,0.02,NA,0.04,11.83,0.05,3.85,0.09,NA,NA,NA,NA,0.02,0.09
93,"Verduras, hortaliças e derivados","Batata, inglesa, frita",2.1,3.4,6.6,NA,0.01,1.41,0.52,0.05,0.06,0.01,NA,0.01,3.31,0.06,6.29,0.3,NA,NA,NA,NA,NA,0.07
94,"Verduras, hortaliças e derivados","Batata, inglesa, sauté",0.3,0.2,0.4,0.02,0.01,0.19,0.07,1e-05,1e-05,NA,NA,NA,0.2,NA,0.33,0.03,NA,NA,NA,NA,NA,NA
99,"Verduras, hortaliças e derivados","Biscoito, polvilho doce",2.4,4.3,0.6,NA,0.03,1.48,0.8,0.05,0.05,0.02,NA,NA,4.25,0.01,0.56,NA,NA,NA,NA,NA,4.05,0.4
100,"Verduras, hortaliças e derivados","Brócolis, cozido",0.1,1e-05,0.2,NA,1e-05,0.08,0.01,1e-05,1e-05,1e-05,1e-05,0.01,0.02,NA,0.06,0.1,NA,NA,NA,NA,NA,1e-05
101,"Verduras, hortaliças e derivados","Brócolis, cru",0.1,0.1,0.2,NA,NA,0.12,0.02,1e-05,NA,1e-05,NA,0.02,0.04,NA,0.07,0.12,NA,NA,NA,NA,NA,NA
104,"Verduras, hortaliças e derivados","Caruru, cru",0.1,1e-05,0.3,1e-05,1e-05,0.13,0.01,NA,1e-05,1e-05,NA,0.02,0.03,NA,0.09,0.17,NA,NA,NA,NA,NA,NA
105,"Verduras, hortaliças e derivados","Catalonha, crua",0.1,1e-05,0.1,1e-05,NA,0.06,1e-05,1e-05,1e-05,1e-05,NA,1e-05,1e-05,NA,0.04,0.1,NA,NA,NA,NA,NA,NA
106,"Verduras, hortaliças e derivados","Catalonha, refogada",0.7,1.1,3,NA,NA,0.51,0.15,0.02,0.02,0.01,NA,0.01,1.04,0.02,2.48,0.48,NA,NA,NA,NA,NA,0.01
109,"Verduras, hortaliças e derivados","Cenoura, cozida",1e-05,1e-05,0.1,NA,NA,0.03,1e-05,NA,NA,NA,NA,NA,1e-05,NA,0.12,1e-05,NA,NA,NA,NA,NA,NA
115,"Verduras, hortaliças e derivados","Couve, manteiga, crua",0.1,1e-05,0.1,NA,NA,0.1,0.02,NA,NA,NA,NA,0.02,0.02,NA,0.05,0.08,NA,NA,NA,NA,NA,NA
116,"Verduras, hortaliças e derivados","Couve, manteiga, refogada",1,1.6,3.6,NA,NA,0.7,0.25,0.03,0.03,0.01,NA,NA,1.52,0.04,3.16,0.38,NA,NA,NA,NA,NA,NA
118,"Verduras, hortaliças e derivados","Couve-flor, cozida",0.1,1e-05,0.1,NA,NA,0.06,1e-05,1e-05,NA,NA,NA,1e-05,0.02,NA,0.06,0.06,NA,NA,NA,NA,NA,NA
120,"Verduras, hortaliças e derivados","Espinafre, Nova Zelândia, refogado",0.9,1.3,2.9,NA,NA,0.6,0.22,0.02,0.03,0.02,NA,1e-05,1.27,0.04,2.55,0.38,NA,NA,NA,NA,NA,0.04
121,"Verduras, hortaliças e derivados","Farinha, de mandioca, crua",0.1,0.1,1e-05,1e-05,1e-05,0.08,0.02,1e-05,1e-05,1e-05,1e-05,1e-05,0.08,1e-05,0.03,0.01,NA,NA,NA,NA,1e-05,0.1
122,"Verduras, hortaliças e derivados","Farinha, de mandioca, torrada",0.1,0.1,1e-05,1e-05,0.03,0.09,0.01,NA,NA,NA,NA,NA,0.08,NA,0.03,0.01,NA,NA,NA,NA,NA,NA
123,"Verduras, hortaliças e derivados","Farinha, de puba",0.2,0.2,1e-05,NA,NA,0.2,0.02,NA,NA,NA,NA,NA,0.19,NA,0.04,NA,NA,NA,NA,NA,NA,NA
126,"Verduras, hortaliças e derivados","Inhame, cru",0.1,1e-05,0.1,NA,NA,0.08,1e-05,1e-05,1e-05,1e-05,NA,NA,0.04,NA,0.08,1e-05,NA,NA,NA,NA,NA,NA
127,"Verduras, hortaliças e derivados","Jiló, cru",0.1,0.1,0.2,NA,NA,0.05,0.02,1e-05,1e-05,1e-05,NA,1e-05,0.05,NA,0.2,1e-05,NA,NA,NA,NA,NA,NA
128,"Verduras, hortaliças e derivados","Jurubeba, crua",0.5,0.5,2.1,NA,NA,0.29,0.13,0.01,0.01,0.01,NA,0.03,0.48,1e-05,2.09,0.03,NA,NA,NA,NA,NA,NA
129,"Verduras, hortaliças e derivados","Mandioca, cozida",0.1,0.1,0.1,NA,NA,0.07,1e-05,NA,NA,NA,NA,NA,0.1,NA,0.05,0.01,NA,NA,NA,NA,NA,NA
130,"Verduras, hortaliças e derivados","Mandioca, crua",0.1,0.1,1e-05,NA,NA,0.06,1e-05,1e-05,1e-05,1e-05,NA,1e-05,0.12,1e-05,0.04,1e-05,NA,NA,NA,NA,1e-05,NA
131,"Verduras, hortaliças e derivados","Mandioca, farofa, temperada",1.9,2.4,2.5,1e-05,0.03,1.26,0.54,0.03,0.02,0.01,NA,0.04,2.38,0.02,2.29,0.19,NA,NA,NA,NA,0.49,0.14
132,"Verduras, hortaliças e derivados","Mandioca, frita",1.7,2.8,6.2,NA,NA,1.2,0.38,0.03,0.05,0.02,NA,NA,2.73,0.05,5.58,0.57,NA,NA,NA,NA,NA,0.04
133,"Verduras, hortaliças e derivados","Manjericão, cru",0.1,1e-05,0.3,NA,NA,0.11,0.02,1e-05,NA,NA,NA,0.02,0.01,NA,0.05,0.21,NA,NA,NA,NA,NA,NA
136,"Verduras, hortaliças e derivados","Nhoque, batata, cozido",0.6,0.5,0.8,0.02,0.01,0.4,0.15,1e-05,1e-05,1e-05,NA,0.01,0.47,1e-05,0.72,0.05,1e-05,NA,NA,NA,NA,NA
138,"Verduras, hortaliças e derivados","Palmito, Juçara, em conserva",0.1,1e-05,0.1,1e-05,1e-05,0.07,1e-05,1e-05,1e-05,0.01,NA,NA,0.03,NA,0.09,0.01,NA,NA,NA,NA,NA,1e-05
141,"Verduras, hortaliças e derivados","Pão, de queijo, cru",3.4,3,4.1,0.08,0.29,2,0.74,0.03,0.03,NA,0.03,0.08,2.92,NA,3.67,0.36,NA,NA,NA,NA,0.63,0.12
151,"Verduras, hortaliças e derivados","Repolho, roxo, refogado",0.2,0.3,0.7,NA,NA,0.15,0.04,1e-05,1e-05,1e-05,NA,NA,0.28,1e-05,0.61,0.07,NA,NA,NA,NA,NA,1e-05
153,"Verduras, hortaliças e derivados","Salsa, crua",0.1,1e-05,0.2,NA,NA,0.08,1e-05,1e-05,1e-05,1e-05,NA,1e-05,0.02,NA,0.11,0.09,NA,NA,1e-05,NA,NA,NA
154,"Verduras, hortaliças e derivados","Seleta de legumes, enlatada",0.1,0.2,0.2,NA,NA,0.1,0.03,1e-05,1e-05,1e-05,NA,NA,0.22,NA,0.2,0.01,NA,NA,NA,NA,1e-05,1e-05
155,"Verduras, hortaliças e derivados","Serralha, crua",0.1,0.1,0.3,1e-05,1e-05,0.13,0.02,0.02,0.02,1e-05,NA,NA,0.04,NA,0.07,0.26,NA,NA,NA,NA,NA,NA
156,"Verduras, hortaliças e derivados","Taioba, crua",0.2,0.1,0.4,1e-05,1e-05,0.18,0.04,0.02,1e-05,0.01,NA,0.02,0.05,NA,0.12,0.25,NA,NA,NA,NA,NA,NA
159,"Verduras, hortaliças e derivados","Tomate, molho industrializado",0.1,0.1,0.2,1e-05,1e-05,0.06,0.02,1e-05,1e-05,1e-05,NA,1e-05,0.09,1e-05,0.17,0.02,NA,NA,NA,NA,1e-05,1e-05
163,"Frutos e derivados","Abacate, cru",2.3,4.3,1.4,NA,0.01,2.2,0.1,0.02,NA,NA,NA,0.2,4.12,0.02,1.29,0.08,NA,NA,NA,NA,NA,NA
166,"Frutos e derivados","Abiu, cru",0.3,0.1,0.1,NA,NA,0.3,0.03,NA,NA,NA,NA,NA,0.11,NA,0.1,0.02,NA,NA,NA,NA,NA,NA
167,"Frutos e derivados","Açaí, polpa, com xarope de guaraná e glucose",0.7,1.9,0.3,NA,1e-05,0.58,0.07,1e-05,NA,NA,NA,0.07,1.88,1e-05,0.3,0.02,NA,NA,NA,NA,NA,NA
168,"Frutos e derivados","Açaí, polpa, congelada",0.7,2,0.4,NA,1e-05,0.66,0.07,1e-05,NA,NA,NA,0.08,1.93,NA,0.35,0.02,NA,NA,NA,NA,NA,NA
173,"Frutos e derivados","Ameixa, em calda, enlatada, drenada",0.1,1e-05,0.1,NA,NA,0.07,0.02,0.01,NA,NA,NA,NA,0.03,0.01,0.07,0.01,NA,NA,NA,NA,NA,NA
174,"Frutos e derivados","Atemóia, crua",0.1,1e-05,0.1,NA,NA,0.09,0.03,1e-05,1e-05,1e-05,NA,NA,0.01,NA,0.06,0.04,NA,NA,NA,NA,NA,NA
191,"Frutos e derivados","Ciriguela, crua",0.2,1e-05,0.1,NA,0.01,0.11,0.02,NA,1e-05,1e-05,NA,NA,0.02,NA,0.07,0.03,NA,NA,NA,NA,NA,NA
192,"Frutos e derivados","Cupuaçu, cru",0.4,0.2,0.1,NA,1e-05,0.37,0.04,1e-05,1e-05,1e-05,NA,0.01,0.2,NA,0.03,0.09,NA,NA,NA,NA,NA,NA
193,"Frutos e derivados","Cupuaçu, polpa, congelada",0.3,0.1,1e-05,NA,1e-05,0.26,0.03,1e-05,1e-05,1e-05,NA,1e-05,0.13,1e-05,0.01,0.03,NA,NA,NA,NA,1e-05,NA
196,"Frutos e derivados","Fruta-pão, crua",0.1,1e-05,1e-05,NA,NA,0.08,1e-05,1e-05,1e-05,1e-05,NA,NA,0.02,NA,0.01,0.02,NA,NA,NA,NA,NA,NA
197,"Frutos e derivados","Goiaba, branca, com casca, crua",0.1,1e-05,0.2,NA,NA,0.04,0.02,1e-05,NA,1e-05,NA,NA,0.03,NA,0.23,1e-05,NA,NA,NA,NA,NA,NA
200,"Frutos e derivados","Goiaba, vermelha, com casca, crua",0.1,1e-05,0.3,NA,NA,0.04,0.02,1e-05,NA,1e-05,NA,NA,0.04,NA,0.26,1e-05,NA,NA,NA,NA,NA,NA
201,"Frutos e derivados","Graviola, crua",1e-05,0.1,1e-05,NA,NA,0.05,1e-05,NA,NA,NA,NA,NA,0.08,NA,0.01,0.02,NA,NA,NA,NA,NA,NA
204,"Frutos e derivados","Jaca, crua",0.1,0.1,1e-05,NA,NA,0.09,1e-05,1e-05,1e-05,1e-05,NA,1e-05,0.07,NA,1e-05,0.02,NA,NA,NA,NA,NA,NA
207,"Frutos e derivados","Kiwi, cru",0.1,0.1,0.3,NA,NA,0.04,0.02,1e-05,NA,NA,NA,1e-05,0.1,NA,0.06,0.29,NA,NA,NA,NA,NA,NA
221,"Frutos e derivados","Maçã, Argentina, com casca, crua",0.1,1e-05,1e-05,NA,1e-05,0.04,0.02,1e-05,1e-05,1e-05,NA,1e-05,0.02,NA,0.04,0.01,NA,NA,NA,NA,NA,NA
223,"Frutos e derivados","Macaúba, crua",7.1,25.3,6.5,NA,0.04,6.01,0.97,0.05,NA,NA,NA,0.67,24.57,0.04,6.18,0.3,NA,NA,NA,NA,NA,NA
228,"Frutos e derivados","Manga, Haden, crua",0.1,0.1,1e-05,1e-05,1e-05,0.07,1e-05,1e-05,1e-05,1e-05,NA,0.04,0.05,1e-05,0.02,0.02,NA,NA,NA,NA,NA,NA
230,"Frutos e derivados","Manga, polpa, congelada",0.1,0.1,1e-05,NA,0.01,0.07,1e-05,NA,NA,NA,NA,0.03,0.05,NA,0.01,0.02,NA,NA,NA,NA,NA,NA
231,"Frutos e derivados","Manga, Tommy Atkins, crua",0.1,0.1,1e-05,1e-05,0.03,0.05,1e-05,1e-05,1e-05,1e-05,NA,0.04,0.04,1e-05,1e-05,0.04,NA,NA,NA,NA,1e-05,NA
232,"Frutos e derivados","Maracujá, cru",0.2,0.3,0.9,NA,NA,0.17,0.05,1e-05,NA,NA,NA,1e-05,0.28,NA,0.92,0.02,NA,NA,NA,NA,NA,NA
242,"Frutos e derivados","Pêra, Park, crua",0.1,1e-05,0.1,NA,1e-05,0.05,0.01,0.01,0.01,0.01,NA,1e-05,0.02,1e-05,0.05,0.01,NA,NA,NA,NA,NA,NA
246,"Frutos e derivados","Pinha, crua",0.1,1e-05,0.1,NA,NA,0.08,0.01,NA,1e-05,1e-05,NA,NA,0.03,NA,0.08,0.04,NA,NA,NA,NA,NA,NA
250,"Frutos e derivados","Tamarindo, cru",0.1,0.2,1e-05,NA,1e-05,0.09,0.01,1e-05,1e-05,1e-05,NA,1e-05,0.18,1e-05,0.02,0.02,NA,NA,NA,NA,1e-05,NA
253,"Frutos e derivados","Tucumã, cru",4.7,9.7,0.9,NA,0.02,3.18,1.19,0.25,0.02,0.02,NA,NA,9.62,0.06,0.3,0.58,NA,NA,NA,NA,NA,NA
259,"Gorduras e óleos","Azeite, de dendê",43.1,40.1,16.6,0.28,0.79,36.77,4.61,0.35,0.1,0.08,NA,0.14,39.86,0.24,15.69,0.83,NA,NA,NA,NA,NA,0.14
260,"Gorduras e óleos","Azeite, de oliva, extra virgem",14.9,75.5,9.5,NA,NA,11.3,2.96,0.38,0.12,0.05,NA,1.09,74.01,0.25,8.74,0.75,NA,NA,NA,NA,NA,NA
261,"Gorduras e óleos","Manteiga, com sal",49.2,20.4,1.2,2.09,8.06,23.01,9.3,0.15,NA,NA,0.81,0.98,17.94,0.13,0.89,0.27,NA,NA,NA,NA,2.5,0.8
262,"Gorduras e óleos","Manteiga, sem sal",51.5,21.9,1.5,2.11,7.96,23.87,9.64,0.14,NA,NA,0.78,0.98,19.8,0.12,1.22,0.27,NA,NA,NA,NA,2.31,0.51
263,"Gorduras e óleos","Margarina, com óleo hidrogenado, com sal (65% de lipídeos)",14.9,18.2,21.4,0.06,0.11,8.29,5.75,0.23,0.28,0.09,NA,0.05,17.87,0.28,19.48,1.74,NA,NA,NA,NA,8.69,1.3
265,"Gorduras e óleos","Margarina, com óleo interesterificado, com sal (65%de lipídeos)",21.9,15,27.6,2.5,1,12.91,4.35,0.21,0.2,0.08,NA,0.06,14.7,0.26,24.85,2.64,NA,NA,NA,NA,0.09,0.24
266,"Gorduras e óleos","Margarina, com óleo interesterificado, sem sal (65% de lipídeos)",20.9,14.4,26.5,2.35,0.94,12.41,4.15,0.2,0.19,0.08,NA,0.05,14.07,0.25,23.79,2.58,NA,NA,NA,NA,0.12,0.2
267,"Gorduras e óleos","Óleo, de babaçu",50.9,18.6,30.2,25.03,7.92,9.46,3.14,0.17,0.21,0.07,NA,NA,18.51,0.25,27.17,2.86,NA,NA,NA,NA,NA,0.19
268,"Gorduras e óleos","Óleo, de canola",7.9,62.6,28.4,NA,0.06,4.59,2.21,0.57,0.3,0.15,NA,0.2,61.14,1.11,20.87,6.78,NA,NA,NA,NA,NA,0.37
269,"Gorduras e óleos","Óleo, de girassol",10.8,25.4,62.6,NA,0.07,6.1,3.42,0.26,0.67,0.25,NA,0.08,25.15,0.18,62.22,0.39,NA,NA,NA,NA,NA,1.14
270,"Gorduras e óleos","Óleo, de milho",15.2,33.4,50.9,NA,NA,12.12,2.18,0.49,0.18,0.19,NA,0.12,33.04,0.23,49.94,0.96,NA,NA,NA,NA,NA,0.48
271,"Gorduras e óleos","Óleo, de pequi",39.9,55.8,4.2,NA,0.09,37.37,2.08,0.19,0.05,0.06,NA,0.83,54.73,0.14,3.74,0.51,NA,NA,NA,NA,NA,NA
272,"Gorduras e óleos","Óleo, de soja",15.2,23.3,60,NA,0.08,10.83,3.36,0.33,0.43,0.14,NA,0.09,22.98,0.6,53.85,5.72,NA,NA,NA,NA,NA,0.5
273,"Pescados e frutos do mar","Abadejo, filé, congelado, assado",0.6,0.3,0.1,NA,0.01,0.44,0.11,NA,NA,NA,NA,0.02,0.29,0.02,0.02,1e-05,1e-05,0.06,1e-05,0.07,1e-05,NA
274,"Pescados e frutos do mar","Abadejo, filé, congelado,cozido",0.4,0.3,0.2,NA,1e-05,0.29,0.08,NA,NA,NA,NA,0.01,0.22,0.02,0.03,NA,1e-05,0.06,1e-05,0.08,NA,NA
275,"Pescados e frutos do mar","Abadejo, filé, congelado, cru",0.1,1e-05,0.1,1e-05,1e-05,0.06,0.02,NA,NA,NA,NA,1e-05,0.04,1e-05,1e-05,NA,0.01,0.01,1e-05,0.08,NA,NA
276,"Pescados e frutos do mar","Abadejo, filé, congelado, grelhado",0.6,0.3,0.6,NA,0.01,0.42,0.11,NA,NA,NA,NA,0.01,0.27,0.02,0.02,0.02,1e-05,0.1,NA,0.42,NA,NA
277,"Pescados e frutos do mar","Atum, conserva em óleo",1,1.3,3.2,NA,0.02,0.7,0.26,0.02,0.02,NA,NA,0.02,1.27,0.02,2.68,0.29,0.03,0.03,NA,0.19,NA,0.04
278,"Pescados e frutos do mar","Atum, fresco, cru",0.5,0.2,1e-05,NA,0.01,0.27,0.17,1e-05,1e-05,1e-05,NA,0.02,0.18,1e-05,0.01,0.01,1e-05,1e-05,NA,0.01,1e-05,NA
279,"Pescados e frutos do mar","Bacalhau, salgado, cru",0.6,0.3,0.2,1e-05,0.03,0.43,0.14,NA,1e-05,1e-05,NA,0.03,0.28,1e-05,0.02,0.08,0.03,0.02,NA,0.06,1e-05,NA
280,"Pescados e frutos do mar","Bacalhau, salgado, refogado",0.9,1.1,1.2,NA,0.02,0.65,0.23,0.02,0.02,1e-05,NA,0.02,1.01,0.03,1.08,0.07,1e-05,0.04,NA,0.04,0.03,0.01
281,"Pescados e frutos do mar","Cação, posta, com farinha de trigo, frita",1.5,2.2,5.2,NA,0.01,1.03,0.37,0.03,0.04,0.02,NA,0.01,2.17,0.03,4.62,0.47,0.02,0.01,0.02,0.07,NA,NA
282,"Pescados e frutos do mar","Cação, posta, cozida",0.2,0.1,0.2,NA,NA,0.07,0.12,NA,NA,NA,NA,1e-05,0.08,0.01,1e-05,NA,0.03,0.01,0.01,0.12,NA,NA
283,"Pescados e frutos do mar","Cação, posta, crua",0.1,0.1,0.2,1e-05,1e-05,0.07,0.07,NA,NA,NA,NA,1e-05,0.06,0.01,1e-05,NA,0.02,0.02,0.02,0.1,NA,NA
284,"Pescados e frutos do mar","Camarão, Rio Grande, grande, cozido",0.4,0.2,0.2,NA,0.01,0.23,0.14,0.01,0.01,1e-05,NA,0.05,0.16,0.01,0.03,1e-05,0.04,0.08,0.01,0.09,0.01,NA
285,"Pescados e frutos do mar","Camarão, Rio Grande, grande, cru",0.1,0.1,0.2,NA,1e-05,0.08,0.04,1e-05,NA,NA,NA,0.02,0.06,1e-05,0.02,1e-05,0.02,0.08,0.01,NA,1e-05,NA
286,"Pescados e frutos do mar","Camarão, Sete Barbas, sem cabeça, com casca, frito",2.5,3.6,8.8,NA,NA,1.69,0.59,0.05,0.08,0.03,NA,0.05,3.54,NA,7.76,0.82,0.05,0.08,NA,0.1,NA,NA
287,"Pescados e frutos do mar","Caranguejo, cozido",0.2,0.2,1e-05,NA,NA,0.1,0.09,0.01,0.01,NA,NA,0.01,0.14,NA,0.03,1e-05,NA,NA,NA,NA,NA,NA
288,"Pescados e frutos do mar","Corimba, cru",2.5,2.3,0.3,NA,0.3,1.57,0.31,0.01,0.02,NA,NA,1.21,1.02,0.01,0.09,0.12,0.03,0.04,0.01,0.03,0.04,NA
289,"Pescados e frutos do mar","Corimbatá, assado",4.8,6.4,2.6,NA,0.51,3.25,0.83,NA,NA,NA,NA,2.91,3.22,0.26,0.43,0.17,0.16,0.84,0.33,0.26,NA,NA
290,"Pescados e frutos do mar","Corimbatá, cozido",4.5,6.5,2.3,NA,0.52,3.15,0.68,NA,NA,NA,NA,3.12,3.11,0.24,0.21,0.17,0.16,0.89,0.36,0.29,NA,NA
291,"Pescados e frutos do mar","Corvina de água doce, crua",1.2,0.7,0.1,NA,0.04,0.75,0.26,0.01,0.01,0.01,NA,0.18,0.49,1e-05,0.04,0.03,0.02,0.01,1e-05,1e-05,0.01,NA
292,"Pescados e frutos do mar","Corvina do mar, crua",0.7,0.5,0.1,NA,0.05,0.46,0.13,0.01,1e-05,0.01,NA,0.2,0.27,0.02,0.01,0.02,0.02,0.03,0.03,0.04,0.01,NA
293,"Pescados e frutos do mar","Corvina grande, assada",1.5,1.2,0.3,NA,0.12,0.99,0.32,0.02,0.01,1e-05,0.01,0.42,0.69,0.03,0.03,NA,0.04,0.05,0.04,0.05,0.02,NA
294,"Pescados e frutos do mar","Corvina grande, cozida",0.7,0.6,0.6,NA,0.06,0.49,0.17,NA,NA,NA,NA,0.23,0.33,0.03,0.02,0.01,0.09,0.17,0.1,0.2,0.01,NA
295,"Pescados e frutos do mar","Dourada de água doce, fresca",3,1.4,0.4,0.01,0.19,1.85,0.66,0.03,0.05,0.04,NA,0.29,1.05,0.07,0.14,NA,0.06,0.02,0.03,0.04,0.02,NA
296,"Pescados e frutos do mar","Lambari, congelado, cru",2,2.2,1.2,0.02,0.16,1.24,0.47,0.02,0.04,NA,NA,0.34,1.82,0.02,0.49,0.17,0.21,0.13,0.06,0.18,0.01,NA
297,"Pescados e frutos do mar","Lambari, congelado, frito",5.5,7,8.1,NA,0.22,3.4,1.39,0.09,0.12,0.04,0.04,0.02,6.72,0.11,6.43,0.78,0.34,0.03,0.08,0.23,0.04,0.06
298,"Pescados e frutos do mar","Lambari, fresco,cru",3.4,3.3,1.1,0.03,0.15,2.11,0.88,0.04,0.03,0.04,NA,0.39,2.84,0.05,0.57,NA,0.12,0.1,0.05,0.12,0.08,0.02
299,"Pescados e frutos do mar","Manjuba, com farinha de trigo, frita",5.5,5.4,10.4,NA,0.28,3.74,1.08,0.09,0.11,0.04,NA,0.3,4.9,0.09,7.53,0.84,0.09,0.44,0.17,1.16,NA,0.04
300,"Pescados e frutos do mar","Manjuba, frita",5.3,6,11.7,NA,0.21,3.59,1.17,0.09,0.13,0.06,NA,0.23,5.53,0.15,8.92,0.87,0.08,0.35,0.14,1.13,NA,NA
301,"Pescados e frutos do mar","Merluza, filé, assado",0.2,0.1,0.3,NA,NA,0.12,0.06,NA,NA,1e-05,NA,1e-05,0.1,1e-05,0.02,NA,0.02,0.03,1e-05,0.23,NA,NA
302,"Pescados e frutos do mar","Merluza, filé, cru",0.9,0.5,0.4,NA,0.17,0.59,0.08,1e-05,NA,0.02,NA,0.15,0.35,1e-05,0.03,0.05,0.02,0.03,0.02,0.11,NA,NA
303,"Pescados e frutos do mar","Merluza, filé, frito",1.4,2.1,4.3,NA,0.08,1.03,0.26,NA,0.03,NA,NA,0.14,1.77,0.1,3.07,0.36,NA,0.19,1e-05,0.6,NA,NA
304,"Pescados e frutos do mar","Pescada, branca, crua",0.8,2.4,0.9,NA,0.04,0.4,0.22,0.02,0.01,0.01,NA,0.75,1.61,1e-05,0.04,0.05,0.05,0.18,0.13,0.43,0.01,NA
305,"Pescados e frutos do mar","Pescada, branca, frita",2.3,3.2,5.2,NA,0.14,1.55,0.48,0.04,0.05,0.02,NA,0.16,2.78,0.19,4.21,0.41,0.02,0.01,0.03,0.45,0.01,0.06
306,"Pescados e frutos do mar","Pescada, filé, com farinha de trigo, frito",2.2,4.4,9.1,NA,NA,1.55,0.53,0.04,0.06,NA,NA,0.46,3.91,0.07,6.63,0.75,0.05,0.22,0.08,0.54,NA,NA
307,"Pescados e frutos do mar","Pescada, filé, cru",0.9,2.3,0.3,NA,0.05,0.47,0.24,0.02,0.01,0.01,NA,0.77,1.51,1e-05,0.03,0.04,0.02,0.06,0.04,0.13,0.01,NA
308,"Pescados e frutos do mar","Pescada, filé, frito",1,1.1,1.2,NA,0.06,0.64,0.23,0.02,0.01,1e-05,NA,0.1,0.98,0.04,0.87,0.07,0.02,0.02,0.01,0.12,0.02,0.01
309,"Pescados e frutos do mar","Pescada, filé, molho escabeche",1.3,2.9,4.3,NA,NA,0.96,0.28,0.03,0.03,NA,NA,0.09,2.82,0.04,3.75,0.41,NA,0.03,0.02,0.1,NA,NA
310,"Pescados e frutos do mar","Pescadinha, crua",0.3,0.2,0.4,NA,0.02,0.19,0.05,NA,NA,1e-05,NA,0.03,0.15,0.01,0.01,0.01,0.01,0.09,0.01,0.23,NA,NA
311,"Pescados e frutos do mar","Pintado, assado",1.8,1.3,0.3,1e-05,0.16,1.05,0.46,0.02,0.01,NA,0.02,0.18,0.97,0.06,0.12,0.06,0.04,0.01,NA,0.02,1e-05,0.01
312,"Pescados e frutos do mar","Pintado, cru",0.6,0.4,0.1,NA,0.03,0.4,0.12,1e-05,1e-05,1e-05,NA,0.12,0.32,1e-05,0.02,0.02,0.01,0.01,0.01,0.01,1e-05,NA
313,"Pescados e frutos do mar","Pintado, grelhado",1.1,0.7,0.2,1e-05,0.04,0.61,0.34,0.01,0.01,NA,0.01,0.09,0.5,0.03,0.09,0.02,0.02,0.01,1e-05,1e-05,1e-05,1e-05
314,"Pescados e frutos do mar","Porquinho, cru",0.4,0.1,1e-05,1e-05,0.01,0.19,0.14,1e-05,1e-05,1e-05,NA,0.01,0.11,1e-05,0.02,1e-05,1e-05,1e-05,NA,1e-05,1e-05,NA
315,"Pescados e frutos do mar","Salmão, filé, com pele, fresco,  grelhado",3.1,4.4,7,NA,0.51,2.02,0.61,NA,NA,NA,NA,0.69,3.37,0.23,2.99,0.4,0.09,1.21,0.59,1.22,NA,NA
316,"Pescados e frutos do mar","Salmão, sem pele, fresco, cru",2.5,2.9,3.1,0.01,0.3,1.39,0.49,0.04,0.12,0.07,NA,0.36,2.26,0.19,1.73,0.03,0.04,0.43,0.22,0.46,NA,NA
317,"Pescados e frutos do mar","Salmão, sem pele, fresco, grelhado",3.6,4.1,5,0.01,0.42,2,0.73,0.05,0.17,0.1,NA,0.54,3.18,0.29,2.43,0.33,0.07,0.72,0.36,0.75,0.02,NA
318,"Pescados e frutos do mar","Sardinha, assada",1.7,0.5,0.3,NA,0.16,1.07,0.36,0.03,0.02,0.01,1e-05,0.11,0.33,0.02,0.04,0.02,0.02,0.05,1e-05,0.18,NA,NA
319,"Pescados e frutos do mar","Sardinha, conserva em óleo",4.1,5.5,11.9,NA,0.32,2.66,0.84,0.11,0.11,0.04,NA,0.33,5.03,0.09,9.78,0.99,0.09,0.44,0.06,0.46,NA,0.07
320,"Pescados e frutos do mar","Sardinha, frita",2.6,3.1,6.1,NA,0.07,1.71,0.62,0.06,0.07,0.02,NA,0.06,2.92,0.04,5.13,0.43,0.03,0.09,0.01,0.36,NA,0.09
321,"Pescados e frutos do mar","Sardinha, inteira, crua",1.7,0.5,0.2,1e-05,0.21,1,0.27,0.02,0.01,0.01,NA,0.13,0.28,0.02,0.03,0.02,0.01,0.03,1e-05,0.06,1e-05,NA
322,"Pescados e frutos do mar","Tucunaré, filé, congelado, cru",0.6,0.4,0.4,1e-05,0.03,0.37,0.17,0.01,0.02,1e-05,NA,0.08,0.26,0.01,0.09,0.02,0.1,NA,0.02,0.12,0.01,1e-05
323,"Carnes e derivados","Apresuntado",1.9,2.6,1.1,NA,0.07,1.23,0.61,NA,NA,NA,NA,0.13,2.39,0.04,1,0.04,NA,NA,NA,NA,NA,NA
324,"Carnes e derivados","Caldo de carne, tablete",7.8,2.5,0.1,NA,0.14,3.91,3.64,0.05,0.02,NA,NA,0.03,2.47,NA,0.13,NA,NA,NA,NA,NA,5.32,0.1
325,"Carnes e derivados","Caldo de galinha, tablete",9.4,3.2,0.2,0.09,0.12,3.98,5.07,0.07,0.05,0.02,NA,0.04,3.14,NA,0.25,NA,NA,NA,NA,NA,6.19,0.11
326,"Carnes e derivados","Carne, bovina, acém, moído, cozido",4.8,4.6,0.3,NA,0.27,2.5,1.83,0.01,0.01,NA,NA,0.33,4.17,0.03,0.22,0.02,0.02,NA,NA,NA,0.22,0.02
327,"Carnes e derivados","Carne, bovina, acém, moído, cru",2.7,2.4,0.1,NA,0.14,1.35,1.09,0.01,0.01,NA,NA,0.18,2.22,0.01,0.12,0.01,0.01,NA,NA,NA,0.1,NA
328,"Carnes e derivados","Carne, bovina, acém, sem gordura, cozido",5.5,3.7,0.3,0.01,0.36,2.68,2.16,0.01,0.01,NA,NA,0.33,3.32,0.04,0.22,0.03,0.01,NA,NA,NA,0.28,0.02
329,"Carnes e derivados","Carne, bovina, acém, sem gordura, cru",2.8,2.3,0.2,NA,0.14,1.33,1.19,0.01,NA,NA,NA,0.16,2.12,0.01,0.14,0.02,0.02,0.01,NA,NA,0.17,0.02
330,"Carnes e derivados","Carne, bovina, almôndegas, cruas",3.9,3.5,0.9,0.01,0.25,2.1,1.42,0.02,0.02,NA,NA,0.29,3.22,0.02,0.81,0.09,0.02,NA,NA,NA,0.25,0.11
331,"Carnes e derivados","Carne, bovina, almôndegas, fritas",4.2,5,5.5,NA,0.17,2.47,1.4,0.05,0.06,0.02,0.05,0.27,4.59,0.05,4.89,0.52,0.03,NA,NA,NA,0.17,0.05
332,"Carnes e derivados","Carne, bovina, bucho, cozido",2.4,1.4,0.1,NA,0.11,1.08,1.1,0.01,NA,0.01,NA,0.09,1.29,NA,0.07,0.01,0.01,NA,NA,NA,0.13,0.01
333,"Carnes e derivados","Carne, bovina, bucho, cru",3.3,1.4,0.1,0.01,0.07,1.52,1.49,0.01,NA,0.02,NA,0.14,1.26,0.01,0.09,0.01,0.01,NA,NA,NA,0.07,0.01
334,"Carnes e derivados","Carne, bovina, capa de contra-filé, com gordura, crua",6.9,6.2,0.1,0.01,0.53,3.82,2.03,0.01,NA,NA,NA,0.73,5.33,0.01,0.14,NA,0.01,NA,NA,NA,0.28,0.03
335,"Carnes e derivados","Carne, bovina, capa de contra-filé, com gordura, grelhada",8.8,8.7,0.3,NA,0.53,4.93,2.82,0.02,NA,NA,NA,0.88,7.67,0.04,0.22,NA,0.04,0.02,NA,NA,0.28,0.02
336,"Carnes e derivados","Carne, bovina, capa de contra-filé, sem gordura, crua",1.9,1.9,0.1,NA,0.12,1.05,0.58,1e-05,1e-05,1e-05,NA,0.2,1.66,0.01,0.07,1e-05,0.01,NA,NA,NA,0.06,1e-05
337,"Carnes e derivados","Carne, bovina, capa de contra-filé, sem gordura, grelhada",4.3,4.3,0.2,0.01,0.27,2.42,1.29,0.01,0.01,NA,NA,0.44,3.85,NA,0.16,0.04,0.04,NA,NA,NA,0.14,0.01
338,"Carnes e derivados","Carne, bovina, charque, cozido",4.8,5.4,0.4,NA,0.31,2.61,1.73,0.01,0.02,NA,0.1,0.5,4.68,0.02,0.19,0.05,0.06,0.02,0.04,NA,0.32,0.08
339,"Carnes e derivados","Carne, bovina, charque, cru",8.7,6.6,0.2,NA,0.8,4.45,3.14,NA,NA,NA,NA,0.54,5.7,NA,0.16,NA,NA,NA,NA,NA,0.8,NA
340,"Carnes e derivados","Carne, bovina, contra-filé, à milanesa",7.2,8.1,6.9,NA,0.33,4.21,2.35,0.05,0.06,0.02,0.09,0.45,7.36,0.03,6.22,0.61,0.05,NA,0.02,NA,0.36,NA
341,"Carnes e derivados","Carne, bovina, contra-filé de costela, cru",6.7,4.6,0.1,0.01,0.4,3.15,2.85,0.02,0.01,NA,NA,0.35,4.21,0.02,0.13,NA,NA,NA,NA,NA,0.24,0.01
342,"Carnes e derivados","Carne, bovina, contra-filé de costela, grelhado",8.8,5.6,0.2,0.02,0.59,4.28,3.53,0.02,NA,NA,NA,0.47,5.06,NA,0.17,0.03,0.02,NA,NA,NA,0.23,0.02
343,"Carnes e derivados","Carne, bovina, contra-filé, com gordura, cru",5.6,5.5,0.2,0.01,0.41,3.21,1.57,0.01,0.01,NA,NA,0.62,4.81,0.01,0.15,0.05,0.02,NA,NA,NA,0.17,0.02
344,"Carnes e derivados","Carne, bovina, contra-filé, com gordura, grelhado",7.4,6.3,0.2,0.01,0.5,4.24,2.24,0.01,NA,NA,NA,0.63,5.58,NA,0.14,0.03,0.01,NA,NA,NA,0.19,0.01
345,"Carnes e derivados","Carne, bovina, contra-filé, sem gordura, cru",2.7,2.6,0.1,NA,0.15,1.48,0.89,0.01,NA,NA,NA,0.22,2.32,0.01,0.09,NA,0.02,0.01,NA,NA,0.08,0.01
346,"Carnes e derivados","Carne, bovina, contra-filé, sem gordura, grelhado",2,1.9,0.1,NA,0.09,1.12,0.68,NA,NA,0.01,NA,0.16,1.75,NA,0.07,0.01,0.01,NA,NA,NA,0.04,NA
347,"Carnes e derivados","Carne, bovina, costela, assada",11.8,12.1,0.3,0.03,0.89,6.32,3.76,0.03,NA,NA,NA,1.17,10.64,0.08,0.13,0.15,0.03,NA,NA,NA,0.76,0.1
348,"Carnes e derivados","Carne, bovina, costela, crua",14.9,12.7,0.3,0.03,1.11,7.76,5.15,0.03,NA,NA,NA,1.31,11.05,0.12,0.15,0.12,NA,NA,NA,NA,0.76,0.15
349,"Carnes e derivados","Carne, bovina, coxão duro, sem gordura, cozido",3.5,4.1,0.2,NA,0.2,1.99,1.14,0.01,0.01,NA,NA,0.45,3.59,0.01,0.11,0.02,0.02,NA,NA,NA,0.16,0.08
350,"Carnes e derivados","Carne, bovina, coxão duro, sem gordura, cru",2.9,2.4,0.1,NA,0.21,1.66,0.98,0.01,NA,NA,NA,0.22,2.12,NA,0.05,0.01,0.01,NA,NA,NA,0.1,0.04
351,"Carnes e derivados","Carne, bovina, coxão mole, sem gordura, cozido",4.3,3.4,0.2,NA,0.26,2.36,1.46,0.01,NA,NA,NA,0.28,3.1,0.01,0.14,0.01,0.02,NA,NA,NA,0.15,0.05
352,"Carnes e derivados","Carne, bovina, coxão mole, sem gordura, cru",3.9,3.7,0.1,NA,0.29,2.34,1.06,0.01,NA,NA,NA,0.45,3.23,NA,0.08,0.01,0.01,NA,NA,NA,0.12,0.02
353,"Carnes e derivados","Carne, bovina, cupim, assado",5.5,5.4,0.2,0.02,0.4,3.07,1.65,0.01,0.01,NA,NA,0.61,4.71,0.02,0.16,0.03,0.02,NA,NA,NA,0.22,0.01
354,"Carnes e derivados","Carne, bovina, cupim, cru",6.8,6.4,0.2,0.01,0.46,3.8,2.06,0.01,0.01,NA,NA,0.71,5.56,0.04,0.15,0.06,NA,NA,NA,NA,0.3,0.03
355,"Carnes e derivados","Carne, bovina, fígado, cru",2.8,1.5,0.1,1e-05,0.18,1.28,1.44,0.01,0.01,1e-05,NA,0.09,1.43,0.01,0.05,1e-05,1e-05,NA,1e-05,NA,0.16,0.05
356,"Carnes e derivados","Carne, bovina, fígado, grelhado",4.7,2.2,1.1,NA,0.14,2.3,1.86,0.01,0.12,0.02,NA,0.23,1.89,NA,0.37,0.1,0.31,0.07,0.16,0.04,0.09,0.02
357,"Carnes e derivados","Carne, bovina, filé mingnon, sem gordura, cru",2.9,1.9,0.2,NA,0.17,1.44,1.16,0.01,0.01,NA,NA,0.15,1.69,0.01,0.11,0.02,0.03,0.01,NA,NA,0.1,0.01
358,"Carnes e derivados","Carne, bovina, filé mingnon, sem gordura, grelhado",4.5,3.1,0.2,NA,0.25,2.21,1.76,0.01,NA,0.01,NA,0.23,2.87,NA,0.16,0.02,0.02,NA,NA,NA,0.14,0.02
359,"Carnes e derivados","Carne, bovina, flanco, sem gordura, cozido",3.9,2.8,0.1,NA,0.27,2.07,1.4,0.01,NA,NA,NA,0.28,2.49,0.01,0.08,0.01,NA,NA,NA,NA,0.16,NA
360,"Carnes e derivados","Carne, bovina, flanco, sem gordura, cru",3.1,2.3,0.1,NA,0.19,1.65,1.13,0.01,NA,NA,NA,0.18,2.09,NA,0.07,0.01,0.01,NA,NA,NA,0.11,0.02
361,"Carnes e derivados","Carne, bovina, fraldinha, com gordura, cozida",12.1,10.4,0.5,0.02,0.95,6.35,3.98,0.02,NA,NA,NA,1.1,9.07,0.07,0.29,0.12,0.05,NA,NA,NA,0.5,0.05
362,"Carnes e derivados","Carne, bovina, fraldinha, com gordura, crua",7.3,6.5,0.3,0.01,0.59,3.77,2.39,0.01,NA,NA,NA,0.71,5.63,0.06,0.16,0.09,0.01,NA,NA,NA,0.43,NA
363,"Carnes e derivados","Carne, bovina, lagarto, cozido",3.9,4,0.2,NA,0.22,2.22,1.25,0.01,0.02,NA,NA,0.42,3.54,0.01,0.12,0.02,0.01,NA,NA,NA,0.15,0.07
364,"Carnes e derivados","Carne, bovina, lagarto, cru",2.3,2.3,0.1,NA,0.14,1.36,0.66,NA,1e-05,NA,NA,0.25,1.98,NA,0.06,0.01,1e-05,NA,NA,NA,0.08,1e-05
365,"Carnes e derivados","Carne, bovina, língua, cozida",11.2,10.3,0.5,NA,0.68,5.54,4.2,0.02,0.02,NA,NA,0.77,9.31,NA,0.43,0.09,0.02,NA,NA,NA,0.41,0.02
366,"Carnes e derivados","Carne, bovina, língua, crua",6.8,6.8,0.3,0.01,0.41,3.4,2.63,0.01,NA,NA,NA,0.48,6.11,0.06,0.26,0.04,0.01,NA,0.01,NA,0.29,0.01
367,"Carnes e derivados","Carne, bovina, maminha, crua",3.1,3.1,0.1,0.01,0.21,1.71,0.93,0.01,NA,NA,NA,0.32,2.7,0.01,0.09,0.01,0.01,NA,NA,NA,0.08,0.01
368,"Carnes e derivados","Carne, bovina, maminha, grelhada",9.7,7.7,0.2,0.02,0.63,4.96,3.49,0.04,0.02,NA,NA,0.77,6.79,0.04,0.19,0.04,0.02,NA,NA,NA,0.42,0.06
369,"Carnes e derivados","Carne, bovina, miolo de alcatra, sem gordura, cru",3.4,3.3,0.1,NA,0.2,1.79,1.1,0.01,0.01,NA,NA,0.36,2.85,0.02,NA,0.04,0.03,0.01,NA,NA,0.16,0.01
370,"Carnes e derivados","Carne, bovina, miolo de alcatra, sem gordura, grelhado",5.1,4.9,0.3,NA,0.32,2.82,1.61,0.01,0.01,NA,NA,0.52,4.28,0.03,0.16,0.04,0.04,0.01,NA,NA,0.21,0.01
371,"Carnes e derivados","Carne, bovina, músculo, sem gordura, cozido",2.9,2.8,0.1,NA,0.13,1.64,0.99,0.01,0.01,0.01,NA,0.26,2.48,0.01,0.09,0.03,0.01,NA,NA,NA,0.13,0.05
372,"Carnes e derivados","Carne, bovina, músculo, sem gordura, cru",2.2,2.6,0.1,NA,0.12,1.27,0.71,0.01,0.01,NA,NA,0.21,2.35,0.01,0.07,0.01,0.01,NA,NA,NA,0.08,0.02
373,"Carnes e derivados","Carne, bovina, paleta, com gordura, crua",3.5,2.9,0.2,0.01,0.19,1.72,1.38,0.01,NA,NA,NA,0.24,2.6,0.02,0.12,0.01,0.01,NA,NA,NA,0.2,0.01
374,"Carnes e derivados","Carne, bovina, paleta, sem gordura, cozida",3.4,3,0.2,0.01,0.18,1.68,1.31,0.01,0.01,0.01,NA,0.23,2.69,0.02,0.16,0.01,0.01,NA,NA,NA,0.15,0.01
375,"Carnes e derivados","Carne, bovina, paleta, sem gordura, crua",2.7,2.1,0.1,0.01,0.15,1.33,1.11,0.01,NA,NA,NA,0.16,1.9,0.01,0.11,NA,0.01,NA,NA,NA,0.15,0.03
376,"Carnes e derivados","Carne, bovina, patinho, sem gordura, cru",2,1.9,0.2,NA,0.11,1.08,0.66,NA,0.01,NA,NA,0.17,1.65,0.01,0.1,0.02,0.03,NA,NA,NA,0.07,0.01
377,"Carnes e derivados","Carne, bovina, patinho, sem gordura, grelhado",3.1,3.1,0.3,0.01,0.15,1.59,1.13,0.01,0.01,0.01,NA,0.25,2.81,0.04,0.17,0.03,0.05,0.01,0.03,NA,0.11,0.01
378,"Carnes e derivados","Carne, bovina, peito, sem gordura, cozido",11.7,11.5,0.4,0.02,0.86,6.1,4.08,0.02,NA,NA,NA,1.09,10.21,0.07,0.32,0.1,0.02,NA,NA,NA,0.67,0.05
379,"Carnes e derivados","Carne, bovina, peito, sem gordura, cru",8.2,9.2,0.5,NA,0.56,4.4,2.62,0.02,NA,NA,NA,0.95,8.03,0.04,0.26,0.15,0.02,NA,NA,NA,0.54,0.04
380,"Carnes e derivados","Carne, bovina, picanha, com gordura, crua",6.1,6.7,0.3,NA,0.42,3.46,1.83,0.01,0.01,NA,NA,0.73,5.86,0.01,0.22,0.05,0.03,NA,NA,NA,0.22,0.03
381,"Carnes e derivados","Carne, bovina, picanha, com gordura, grelhada",7.9,9.2,0.4,NA,0.59,4.59,2.15,0.02,0.02,NA,NA,1.01,8.04,0.03,0.25,0.07,0.05,0.02,NA,NA,0.23,0.04
382,"Carnes e derivados","Carne, bovina, picanha, sem gordura, crua",2,2.1,0.1,1e-05,0.15,1.18,0.61,1e-05,1e-05,1e-05,NA,0.22,1.83,0.01,0.08,1e-05,0.01,NA,NA,NA,0.04,1e-05
383,"Carnes e derivados","Carne, bovina, picanha, sem gordura, grelhada",4.5,5.2,0.3,0.01,0.32,2.48,1.36,0.01,0.01,0.01,NA,0.51,4.64,NA,0.22,NA,0.04,NA,NA,NA,0.11,0.02
384,"Carnes e derivados","Carne, bovina, seca, cozida",10.5,8.3,0.4,0.03,0.68,5.11,4.42,0.04,NA,NA,0.12,0.59,7.52,0.03,0.24,0.08,0.05,NA,0.05,NA,0.71,0.22
385,"Carnes e derivados","Carne, bovina, seca, crua",8.7,7.5,0.3,0.02,0.7,4.45,3.05,0.03,NA,NA,0.18,0.4,6.76,0.04,0.18,0.1,0.03,NA,0.05,NA,0.59,0.07
386,"Carnes e derivados","Coxinha de frango, frita",2.6,3.4,4.7,0.01,0.03,1.76,0.65,0.05,0.06,0.02,NA,0.02,3.32,0.07,4.33,0.32,0.01,NA,NA,NA,0.45,0.13
388,"Carnes e derivados","Croquete, de carne, frito",5.1,7.4,11.5,NA,0.13,3.13,1.51,0.08,0.1,0.04,NA,0.16,7.1,0.07,10.47,1.04,NA,NA,NA,NA,0.27,NA
390,"Carnes e derivados","Empada, de frango, pré-cozida",5.4,5.2,1.4,NA,0.03,2.62,2.56,0.08,0.08,0.03,NA,0.04,5.12,0.03,1.22,0.07,NA,NA,NA,NA,6.21,0.96
391,"Carnes e derivados","Frango, asa, com pele, crua",4.4,6.6,3,NA,0.09,3.36,0.93,NA,0.03,NA,NA,0.8,5.75,NA,2.96,0.01,0.06,NA,NA,NA,0.03,0.01
392,"Carnes e derivados","Frango, caipira, inteiro, com pele, cozido",4.4,7.5,2.3,NA,0.09,3.23,1,0.01,1e-05,NA,NA,0.69,6.73,0.03,2.18,0.09,1e-05,NA,1e-05,1e-05,0.03,0.01
393,"Carnes e derivados","Frango, caipira, inteiro, sem pele, cozido",2.2,3.4,1.2,NA,0.04,1.57,0.59,0.01,1e-05,1e-05,NA,0.26,3.14,0.02,1.16,0.04,1e-05,NA,1e-05,1e-05,0.01,NA
394,"Carnes e derivados","Frango, coração, cru",4.9,6.3,3.4,NA,0.12,3.49,1.16,0.01,0.01,NA,NA,0.66,5.56,0.06,3.15,0.13,0.09,NA,NA,NA,0.09,NA
395,"Carnes e derivados","Frango, coração, grelhado",3.5,4.3,1.6,NA,0.06,2.33,1.03,0.02,0.02,0.01,0.01,0.37,0.08,0.04,1.41,0.04,0.08,NA,0.01,NA,0.08,0.02
396,"Carnes e derivados","Frango, coxa, com pele, assada",3.1,3.8,2.2,NA,0.06,2.28,0.76,0.02,1e-05,NA,0.01,0.38,3.35,0.02,2.11,0.09,1e-05,1e-05,NA,NA,0.12,0.02
397,"Carnes e derivados","Frango, coxa, com pele, crua",3,4.1,2.2,NA,0.05,2.24,0.68,0.01,0.02,NA,NA,0.45,3.61,0.02,2,0.09,0.05,NA,NA,NA,0.04,NA
398,"Carnes e derivados","Frango, coxa, sem pele, cozida",2,2.1,1.1,NA,0.12,1.31,0.5,0.01,1e-05,NA,0.01,0.2,1.84,0.01,1.1,0.05,1e-05,1e-05,NA,NA,NA,NA
399,"Carnes e derivados","Frango, coxa, sem pele, crua",1.6,2.1,0.8,NA,0.03,1.19,0.4,1e-05,0.01,NA,NA,0.24,1.82,0.01,0.8,0.02,0.03,NA,NA,NA,0.01,NA
400,"Carnes e derivados","Frango, fígado, cru",1.3,0.7,0.6,1e-05,0.02,0.69,0.58,0.01,0.01,0.01,NA,0.05,0.58,0.01,0.38,0.01,0.13,NA,0.03,0.02,0.01,NA
401,"Carnes e derivados","Frango, filé, à milanesa",1.6,2.4,3.3,NA,0.02,1.09,0.44,0.03,0.04,0.02,NA,0.05,2.24,0.03,3.01,0.23,0.04,0.02,NA,NA,0.02,0.02
402,"Carnes e derivados","Frango, inteiro, com pele, cru",5.2,7.2,3.9,NA,0.11,3.94,1.01,0.02,0.03,NA,NA,0.88,6.31,0.03,3.57,0.2,0.07,NA,NA,NA,0.07,NA
403,"Carnes e derivados","Frango, inteiro, sem pele, assado",2.1,2.6,1.8,NA,0.04,1.48,0.57,0.01,1e-05,1e-05,0.01,0.19,2.36,0.02,1.73,0.09,1e-05,1e-05,NA,NA,0.1,0.02
404,"Carnes e derivados","Frango, inteiro, sem pele, cozido",2.2,2.5,1.5,NA,0.04,1.58,0.55,0.01,1e-05,NA,0.01,0.23,2.26,0.02,1.42,0.07,1e-05,1e-05,NA,NA,0.09,0.02
405,"Carnes e derivados","Frango, inteiro, sem pele, cru",1.4,1.9,1,NA,0.03,1.04,0.31,1e-05,0.01,NA,NA,0.23,1.63,0.01,0.92,0.04,0.05,NA,NA,NA,0.01,NA
406,"Carnes e derivados","Frango, peito, com pele, assado",2.2,2.7,1.8,NA,0.04,1.53,0.56,0.01,1e-05,1e-05,0.01,0.22,2.45,0.02,1.7,0.1,1e-05,1e-05,1e-05,NA,0.1,0.02
407,"Carnes e derivados","Frango, peito, com pele, cru",2.2,3.2,0.9,NA,0.06,1.66,0.46,0.01,0.01,NA,NA,0.44,2.75,0.03,0.8,0.03,0.03,NA,NA,NA,0.03,NA
408,"Carnes e derivados","Frango, peito, sem pele, cozido",1.1,1.1,0.6,NA,0.02,0.74,0.33,0.01,1e-05,1e-05,NA,0.07,0.98,0.01,0.53,0.02,1e-05,1e-05,NA,NA,0.04,0.01
409,"Carnes e derivados","Frango, peito, sem pele, cru",1.1,1.3,1e-05,NA,0.03,0.79,0.25,1e-05,0.01,NA,NA,0.16,1.16,0.01,1e-05,0.01,0.02,NA,NA,NA,0.01,NA
410,"Carnes e derivados","Frango, peito, sem pele, grelhado",0.9,0.9,0.3,NA,0.02,0.65,0.27,1e-05,1e-05,1e-05,NA,0.07,0.8,0.01,0.31,0.01,1e-05,1e-05,NA,NA,0.04,1e-05
411,"Carnes e derivados","Frango, sobrecoxa, com pele, assada",4.2,5.4,3.9,NA,0.07,3.08,1.02,0.01,1e-05,NA,0.02,0.5,4.8,0.04,3.64,0.21,1e-05,1e-05,NA,NA,0.19,0.04
412,"Carnes e derivados","Frango, sobrecoxa, com pele, crua",6.5,9.6,3.6,NA,0.12,4.96,1.31,0.02,0.02,NA,NA,1.13,8.44,0.02,3.41,0.12,0.08,NA,NA,NA,0.06,NA
413,"Carnes e derivados","Frango, sobrecoxa, sem pele, assada",3.3,4.2,3.1,NA,0.06,2.41,0.82,0.01,1e-05,NA,0.01,0.42,3.76,0.03,2.86,0.17,1e-05,1e-05,NA,NA,0.14,0.04
414,"Carnes e derivados","Frango, sobrecoxa, sem pele, crua",3,4.5,1.6,NA,0.06,2.3,0.61,0.01,0.02,NA,NA,0.57,3.87,0.02,1.45,0.04,0.05,NA,NA,NA,0.03,NA
415,"Carnes e derivados","Hambúrguer, bovino, cru",5.7,5.8,0.8,0.02,0.39,3.06,1.97,0.02,NA,NA,0.12,0.58,4.96,0.03,0.68,0.08,0.03,NA,NA,0.01,0.81,0.19
416,"Carnes e derivados","Hambúrguer, bovino, frito",5.9,6,3.7,NA,0.29,3.18,2.19,0.03,0.03,0.02,0.07,0.41,5.37,0.07,3.28,0.29,0.03,NA,0.02,NA,0.33,0.11
417,"Carnes e derivados","Hambúrguer, bovino, grelhado",5.1,4.8,1.2,NA,0.26,2.72,2.01,0.02,0.01,NA,0.05,0.42,4.25,0.02,1.08,0.1,0.04,0.02,NA,NA,0.3,0.06
418,"Carnes e derivados","Lingüiça, frango, crua",5.2,7.3,3.5,0.01,0.16,3.59,1.35,0.02,NA,NA,0.01,0.52,6.7,0.08,3.08,0.17,NA,NA,NA,NA,0.04,NA
419,"Carnes e derivados","Lingüiça, frango, frita",5,7.2,4.3,NA,0.14,3.46,1.33,0.03,NA,NA,NA,0.45,6.6,0.1,3.85,0.25,0.09,NA,NA,NA,0.04,NA
420,"Carnes e derivados","Lingüiça, frango, grelhada",4.7,6.8,3.4,NA,0.14,3.26,1.26,0.02,NA,NA,NA,0.44,6.2,0.09,3,0.17,0.09,NA,NA,NA,0.04,NA
421,"Carnes e derivados","Lingüiça, porco, crua",4,5,1.7,0.01,0.15,2.52,1.24,0.02,NA,NA,NA,0.25,4.66,0.08,1.48,0.05,0.06,NA,NA,NA,0.03,NA
422,"Carnes e derivados","Lingüiça, porco, frita",6.5,8.2,2.7,NA,0.25,4.17,2.01,0.03,NA,NA,NA,0.29,7.66,0.13,2.43,0.11,0.09,NA,NA,NA,0.03,NA
423,"Carnes e derivados","Lingüiça, porco, grelhada",7,8.7,2.6,NA,0.27,4.47,2.17,0.03,NA,NA,NA,0.44,8.07,0.13,2.35,0.1,0.1,NA,NA,NA,0.03,NA
424,"Carnes e derivados","Mortadela",6.1,8.1,4.7,NA,0.17,4.15,1.74,NA,NA,NA,NA,0.6,7.36,0.12,4.41,0.28,NA,NA,NA,NA,NA,NA
425,"Carnes e derivados","Peru, congelado, assado",1.6,1.2,1.4,NA,0.03,1.1,0.47,0.02,1e-05,1e-05,NA,0.11,1.6,0.01,1.41,0.03,1e-05,1e-05,NA,NA,0.02,1e-05
426,"Carnes e derivados","Peru, congelado, cru",0.4,0.4,0.7,0.01,0.01,0.26,0.14,1e-05,0.01,NA,NA,0.03,0.41,1e-05,0.63,0.03,0.06,NA,NA,NA,NA,NA
427,"Carnes e derivados","Porco, bisteca, crua",3.5,3.9,1.2,0.01,0.13,2.17,1.12,0.02,NA,NA,NA,0.21,3.37,0.06,1.12,0.05,0.05,NA,NA,NA,NA,NA
428,"Carnes e derivados","Porco, bisteca, frita",6,6.6,4.6,0.05,0.31,3.58,1.94,0.04,0.02,0.02,NA,0.25,6.17,0.11,4.07,0.32,0.07,NA,0.02,NA,0.16,0.05
429,"Carnes e derivados","Porco, bisteca, grelhada",7.5,7.7,1.2,0.02,0.27,4.27,2.82,0.03,NA,NA,NA,0.31,7.14,0.13,1.03,0.03,0.03,NA,NA,NA,0.09,NA
430,"Carnes e derivados","Porco, costela, assada",11.8,13.9,3.1,NA,0.34,7.1,4.16,0.06,NA,NA,NA,0.63,12.9,0.23,2.75,0.12,0.09,NA,NA,NA,0.06,NA
431,"Carnes e derivados","Porco, costela, crua",7.4,8.3,2.3,0.02,0.28,4.59,2.42,0.03,NA,NA,NA,0.45,7.64,0.12,2.11,0.09,0.08,NA,NA,NA,NA,NA
432,"Carnes e derivados","Porco, lombo, assado",2.6,2.9,0.7,NA,0.08,1.54,0.97,0.01,NA,NA,NA,0.11,2.63,0.16,0.55,0.07,0.02,NA,NA,NA,0.02,NA
433,"Carnes e derivados","Porco, lombo, cru",3.3,3.7,1,0.01,0.12,2.08,1,0.02,NA,NA,NA,0.22,3.39,0.06,0.88,0.04,0.05,NA,NA,NA,NA,NA
434,"Carnes e derivados","Porco, orelha, salgada, crua",7.3,11.2,2.8,0.02,0.33,4.99,1.84,0.03,NA,NA,NA,0.9,10.15,0.19,2.58,0.11,0.09,NA,NA,NA,NA,NA
435,"Carnes e derivados","Porco, pernil, assado",4.8,6.4,1.9,NA,0.15,2.96,1.59,0.03,NA,NA,NA,0.29,5.91,0.11,1.66,0.05,0.11,NA,NA,NA,NA,NA
436,"Carnes e derivados","Porco, pernil, cru",4.2,5,1.7,0.01,0.16,2.58,1.29,0.02,0.02,NA,NA,0.26,4.64,0.09,1.51,0.06,0.08,NA,NA,NA,NA,NA
437,"Carnes e derivados","Porco, rabo, salgado, cru",11.6,16.7,4.3,NA,0.37,7.37,3.58,0.07,NA,NA,NA,0.78,15.49,0.3,3.85,0.16,0.07,NA,NA,NA,0.07,NA
438,"Carnes e derivados","Presunto, com capa de gordura",1.9,2.6,1,NA,0.06,1.22,0.63,0.01,NA,NA,NA,0.13,2.39,0.05,0.87,0.04,0.04,NA,NA,NA,0.01,NA
439,"Carnes e derivados","Presunto, sem capa de gordura",0.9,1.1,0.5,NA,0.03,0.55,0.27,NA,NA,NA,NA,0.07,1.04,0.02,0.38,0.01,0.04,NA,NA,NA,NA,NA
440,"Carnes e derivados","Quibe, assado",1.2,0.9,0.3,NA,0.08,0.68,0.43,NA,NA,NA,NA,0.06,0.87,NA,0.25,0.02,NA,NA,1e-05,NA,0.06,NA
441,"Carnes e derivados","Quibe, cru",0.7,0.7,0.3,NA,0.03,0.35,0.24,NA,NA,NA,NA,0.06,0.63,0.01,0.21,0.03,0.02,0.01,0.01,NA,0.03,NA
442,"Carnes e derivados","Quibe, frito",4.6,5,5,NA,0.16,2.5,1.68,0.04,0.05,0.03,0.03,0.17,4.75,0.05,4.55,0.41,0.03,NA,NA,NA,0.18,0.08
443,"Carnes e derivados","Salame",9.6,12.1,4.7,NA,0.34,5.78,3.09,0.05,NA,NA,NA,0.55,11.21,0.23,4.23,0.19,0.03,NA,NA,NA,0.1,NA
444,"Carnes e derivados","Toucinho, cru",17.7,20.1,10.1,0.06,0.75,11.42,5.21,0.09,NA,NA,NA,0.98,18.82,0.28,9.32,0.68,0.15,NA,NA,NA,0.21,NA
445,"Carnes e derivados","Toucinho, frito",20,26.2,14.6,NA,0.64,12.89,6.17,0.12,0.07,NA,NA,1.02,24.55,0.45,12.93,0.86,NA,NA,0.06,NA,0.33,0.25
446,"Leite e derivados","Bebida láctea, pêssego",1.1,0.6,1e-05,0.05,0.19,0.54,0.25,1e-05,1e-05,NA,0.01,0.02,0.53,0.01,0.03,0.02,1e-05,NA,NA,NA,0.06,1e-05
447,"Leite e derivados","Creme de Leite",11.8,5.1,0.5,0.49,1.91,5.58,2.38,0.04,NA,NA,0.18,0.36,4.5,NA,0.33,0.07,NA,NA,NA,NA,0.63,NA
448,"Leite e derivados","Iogurte, natural",1.8,0.9,0.1,0.07,0.3,0.91,0.4,0.01,1e-05,1e-05,0.02,0.04,0.83,0.01,0.06,0.03,1e-05,NA,1e-05,1e-05,NA,NA
449,"Leite e derivados","Iogurte, natural, desnatado",0.2,0.1,NA,0.01,0.03,0.1,0.05,NA,NA,NA,NA,NA,0.09,NA,1e-05,NA,NA,NA,NA,NA,0.01,NA
451,"Leite e derivados","Iogurte, sabor morango",1.4,0.7,0.1,0.07,0.26,0.7,0.29,1e-05,NA,NA,0.01,0.03,0.62,1e-05,0.05,0.02,1e-05,NA,1e-05,1e-05,NA,NA
452,"Leite e derivados","Iogurte, sabor pêssego",1.4,0.6,0.1,0.06,0.25,0.7,0.29,1e-05,1e-05,NA,0.01,0.03,0.59,1e-05,0.04,0.02,1e-05,NA,NA,NA,0.06,1e-05
453,"Leite e derivados","Leite, condensado",4.2,1.7,0.2,0.17,0.73,2.1,0.82,0.01,NA,NA,NA,0.14,1.47,0.02,0.1,0.04,NA,NA,NA,NA,0.2,0.03
454,"Leite e derivados","Leite, de cabra",2.4,0.8,0.1,0.1,0.29,1,0.6,0.01,1e-05,NA,NA,0.03,0.79,NA,0.11,0.01,0.01,NA,NA,NA,0.1,0.02
455,"Leite e derivados","Leite, de vaca, achocolatado",1.1,0.6,0.1,0.03,0.14,0.53,0.29,0.01,1e-05,1e-05,0.01,0.03,0.56,1e-05,0.11,0.01,1e-05,NA,NA,NA,0.19,0.03
456,"Leite e derivados","Leite, de vaca, desnatado, pó",0.6,0.2,1e-05,0.02,0.09,0.29,0.12,1e-05,0.01,1e-05,0.01,0.02,0.2,NA,0.03,1e-05,1e-05,NA,NA,NA,0.02,1e-05
458,"Leite e derivados","Leite, de vaca, integral",1.4,0.7,0.1,0.06,0.25,0.71,0.29,NA,NA,NA,0.01,0.03,0.65,NA,0.04,0.02,NA,NA,1e-05,1e-05,NA,NA
459,"Leite e derivados","Leite, de vaca, integral, pó",16.3,7.1,0.5,0.58,2.62,8.11,3.48,0.05,NA,0.03,0.15,0.56,6.25,0.05,0.41,0.1,NA,NA,NA,NA,0.84,0.1
461,"Leite e derivados","Queijo, minas, frescal",11.4,5.8,0.4,0.41,1.73,5.78,2.53,0.04,0.02,0.02,0.16,0.39,5.14,0.04,0.28,0.06,0.02,NA,NA,NA,0.54,0.12
462,"Leite e derivados","Queijo, minas, meia cura",13.2,5.6,0.3,0.55,2.13,6.15,2.59,0.05,NA,NA,0.23,0.46,4.82,NA,0.24,0.1,NA,NA,NA,NA,0.99,NA
463,"Leite e derivados","Queijo, mozarela",14.2,6,0.5,0.61,2.37,6.66,3.02,NA,NA,NA,0.22,0.43,5.22,NA,0.31,0.08,NA,NA,NA,NA,0.86,NA
464,"Leite e derivados","Queijo, parmesão",19.7,8.7,0.4,0.7,3.26,10.07,4.24,0.06,0.03,0.03,0.32,0.63,7.67,0.03,0.29,0.11,0.03,NA,NA,NA,1.01,0.16
465,"Leite e derivados","Queijo, pasteurizado",15.9,7.3,0.4,0.58,2.58,8.05,3.38,0.05,NA,NA,0.23,0.49,6.45,0.05,0.33,0.08,NA,NA,NA,NA,0.85,0.18
466,"Leite e derivados","Queijo, petit suisse, morango",1.6,0.8,1e-05,0.05,0.23,0.81,0.4,0.01,NA,NA,0.02,0.05,0.76,NA,0.04,0.01,NA,NA,NA,NA,0.09,NA
467,"Leite e derivados","Queijo, prato",16.3,6.8,0.5,0.71,2.67,7.59,3.16,NA,NA,NA,0.27,0.51,5.91,NA,0.42,0.11,NA,NA,NA,NA,0.87,NA
468,"Leite e derivados","Queijo, requeijão, cremoso",13.7,6.4,0.3,0.52,2.26,7.16,2.72,0.04,0.04,0.02,0.24,0.5,5.54,0.04,0.24,0.07,NA,NA,NA,NA,0.55,0.11
469,"Leite e derivados","Queijo, ricota",4.5,2.4,0.2,0.15,0.66,2.28,1.06,0.02,0.02,0.02,0.06,0.15,2.16,0.02,0.14,0.02,0.01,NA,NA,NA,0.21,0.04
484,"Ovos e derivados","Omelete, de queijo",6.4,7,6.2,0.08,0.42,4.2,1.56,0.04,0.05,0.02,0.04,0.26,6.61,0.05,5.53,0.44,0.15,NA,NA,0.04,0.15,NA
485,"Ovos e derivados","Ovo, de codorna, inteiro, cru",8.9,12.1,2.7,1e-05,0.13,6.39,2.31,0.01,0.03,NA,0.03,1.07,11.01,0.03,2.2,0.1,0.44,NA,NA,NA,0.04,0.07
487,"Ovos e derivados","Ovo, de galinha, gema, cozida/10minutos",9.2,12.1,4,NA,0.08,6.56,2.43,NA,0.03,NA,NA,0.67,11.29,0.07,3.25,0.05,0.44,NA,NA,0.1,0.05,0.03
488,"Ovos e derivados","Ovo, de galinha, inteiro, cozido/10minutos",2.9,3.8,1.1,NA,0.02,2.07,0.76,NA,0.01,NA,NA,0.21,3.51,0.02,0.94,0.02,0.12,NA,NA,0.02,0.02,NA
489,"Ovos e derivados","Ovo, de galinha, inteiro, cru",2.6,3.6,1.2,NA,0.02,1.87,0.69,NA,0.01,0.01,NA,0.23,3.33,0.01,0.88,0.02,0.14,NA,0.05,0.04,NA,NA
490,"Ovos e derivados","Ovo, de galinha, inteiro, frito",4.1,5.7,4.9,NA,0.03,2.95,1.05,0.02,0.03,0.02,NA,0.23,5.45,0.04,4.34,0.33,0.17,NA,NA,0.03,0.02,NA
491,"Produtos açucarados","Achocolatado, pó",1.1,0.6,0.3,1e-05,0.02,0.51,0.55,0.02,0.01,1e-05,NA,0.01,0.62,NA,0.29,0.03,NA,NA,NA,NA,0.01,NA
495,"Produtos açucarados","Chocolate, ao leite",17.5,10,0.9,0.09,0.34,7.46,9.12,0.26,0.03,NA,NA,0.14,9.75,0.06,0.91,0.03,NA,NA,NA,NA,0.17,0.1
496,"Produtos açucarados","Chocolate, ao leite, com castanha do Pará",14.1,9.3,3.2,0.1,0.33,6.24,6.73,0.2,0.04,0.02,NA,0.09,9.14,NA,3.09,0.07,NA,NA,NA,NA,0.2,NA
497,"Produtos açucarados","Chocolate, ao leite, dietético",19.2,11.4,1.5,0.06,0.22,8.08,10.29,0.31,0.06,0.03,NA,0.1,11.32,NA,1.41,0.1,NA,NA,NA,NA,0.18,NA
498,"Produtos açucarados","Chocolate, meio amargo",13.1,8.1,1,0.01,0.06,5.61,7.08,0.21,0.04,0.02,NA,0.05,8.03,0.01,0.94,0.06,NA,NA,NA,NA,0.14,NA
499,"Produtos açucarados","Cocada branca",8.4,0.4,0.1,4.56,1.56,0.61,0.2,NA,NA,NA,NA,NA,0.36,NA,0.07,NA,NA,NA,NA,NA,NA,NA
500,"Produtos açucarados","Doce, de abóbora, cremoso",1e-05,1e-05,1e-05,1e-05,1e-05,0.02,1e-05,1e-05,NA,1e-05,NA,NA,0.02,NA,0.01,0.01,NA,NA,NA,NA,NA,NA
501,"Produtos açucarados","Doce, de leite, cremoso",1.3,3.9,2,NA,NA,0.73,0.17,0.08,0.2,0.13,NA,NA,3.74,0.11,1.94,0.01,NA,NA,NA,NA,NA,NA
502,"Produtos açucarados","Geléia, mocotó, natural",1e-05,1e-05,1e-05,NA,NA,1e-05,1e-05,NA,NA,NA,NA,NA,1e-05,NA,1e-05,NA,NA,NA,NA,NA,NA,NA
509,"Produtos açucarados","Quindim",11.3,4.8,4.7,4.1,1.6,2.97,1.47,0.04,0.04,NA,NA,0.16,4.55,0.04,4.19,0.35,0.11,NA,NA,NA,0.05,NA
511,"Miscelâneas","Café, pó, torrado",5.3,1.1,4.9,NA,0.01,4.04,0.95,0.29,0.06,NA,NA,0.01,1.11,0.02,4.82,0.11,NA,NA,NA,NA,NA,NA
512,"Miscelâneas","Capuccino, pó",4,1.6,0.1,0.27,0.59,1.73,0.95,0.02,0.02,NA,0.05,0.1,1.5,NA,0.11,0.04,NA,NA,NA,NA,0.55,0.04
518,"Miscelâneas","Shoyu",1e-05,1e-05,1e-05,1e-05,1e-05,1e-05,1e-05,NA,1e-05,NA,NA,NA,0.01,NA,0.01,1e-05,NA,NA,NA,NA,NA,NA
520,"Outros alimentos industrializados","Azeitona, preta, conserva",3.5,11,3,NA,NA,2.87,0.47,0.08,0.02,0.01,NA,0.29,10.57,0.04,2.77,0.19,NA,NA,NA,NA,NA,NA
521,"Outros alimentos industrializados","Azeitona, verde, conserva",2.3,8.3,1,NA,NA,1.93,0.29,0.05,0.01,0.01,NA,0.18,8.07,0.03,0.91,0.13,NA,NA,NA,NA,NA,NA
522,"Outros alimentos industrializados","Chantilly, spray, com gordura vegetal",25.9,0.1,0.1,10.7,3.64,2.63,7.46,0.08,NA,0.03,NA,NA,0.05,1e-05,0.08,NA,NA,NA,NA,NA,NA,NA
523,"Outros alimentos industrializados","Leite, de coco",15.6,0.9,0.2,8.25,2.99,1.33,0.51,0.01,NA,NA,NA,NA,0.92,NA,0.17,NA,NA,NA,NA,NA,NA,NA
524,"Outros alimentos industrializados","Maionese, tradicional com ovos",4.1,6.4,15.4,NA,0.02,2.84,0.37,0.08,0.11,0.04,NA,0.04,6.24,0.14,13.86,1.43,NA,NA,NA,NA,NA,0.17
525,"Alimentos preparados","Acarajé",9.1,7.8,2.1,0.1,0.16,7.71,1.05,0.07,0.02,NA,NA,NA,7.81,NA,2.01,0.12,NA,NA,NA,NA,NA,NA
526,"Alimentos preparados","Arroz carreteiro",3.2,3,0.2,NA,0.19,1.61,1.29,0.01,NA,NA,0.04,0.24,2.64,0.01,0.16,0.03,0.01,NA,0.01,NA,0.18,0.03
527,"Alimentos preparados","Baião de dois, arroz e feijão-de-corda",0.6,1,1.5,NA,1e-05,0.42,0.13,0.01,0.01,1e-05,NA,0.02,0.95,1e-05,1.36,0.13,1e-05,1e-05,NA,1e-05,NA,0.01
528,"Alimentos preparados","Barreado",3.3,4.3,1.4,NA,0.12,2.05,1.11,1e-05,NA,NA,NA,0.2,3.96,0.05,1.24,0.06,0.05,1e-05,0.02,NA,0.06,NA
529,"Alimentos preparados","Bife à cavalo, com contra filé",7.9,8.2,3.3,NA,0.38,4.59,2.63,0.03,0.03,NA,0.1,0.57,7.32,0.05,2.88,0.26,0.07,NA,0.02,0.02,0.4,NA
530,"Alimentos preparados","Bolinho de arroz",1.8,2.5,3.5,NA,0.02,1.26,0.44,0.02,0.03,0.02,NA,0.05,2.39,0.05,3.22,0.24,0.04,NA,1e-05,1e-05,1e-05,0.06
531,"Alimentos preparados","Camarão à baiana",1.6,0.9,1.5,1.35,0.62,0.72,0.27,0.02,0.02,NA,NA,0.01,0.89,NA,1.33,0.13,0.01,0.03,NA,0.03,NA,NA
532,"Alimentos preparados","Charuto, de repolho",0.5,0.5,0.1,NA,0.02,0.24,0.2,NA,NA,NA,NA,0.03,0.44,NA,0.08,0.02,NA,NA,NA,NA,0.03,NA
533,"Alimentos preparados","Cuscuz, de milho, cozido com sal",0.2,0.2,0.3,NA,NA,0.15,0.02,1e-05,NA,NA,NA,NA,0.22,NA,0.26,1e-05,NA,NA,NA,NA,NA,NA
534,"Alimentos preparados","Cuscuz, paulista",1.8,1.8,0.8,0.03,0.15,1.12,0.41,0.01,0.02,0.01,0.01,0.07,1.64,NA,0.69,0.1,1e-05,NA,NA,NA,0.04,1e-05
535,"Alimentos preparados","Cuxá, molho",0.6,1.3,1.5,NA,0,0.37,0.18,0.02,0.01,0,NA,0.01,1.25,0.01,1.44,0.06,1e-05,0.02,NA,0.02,NA,0.02
536,"Alimentos preparados","Dobradinha",2.5,1.2,0.1,1e-05,0.11,1.06,1.19,0.02,0.02,0.01,1e-05,0.09,1.11,1e-05,0.07,0.01,0.03,NA,0.02,NA,0.18,0.02
537,"Alimentos preparados","Estrogonofe de carne",5.3,3.3,0.9,0.12,0.65,2.81,1.57,0.02,0.02,NA,0.04,0.19,3,0.02,0.74,0.08,0.02,NA,0.01,NA,0.26,0.01
538,"Alimentos preparados","Estrogonofe de frango",3.7,2.2,1,0.12,0.54,2.09,0.93,0.02,0.01,1e-05,0.03,0.1,2.05,0.02,0.91,0.07,0.04,NA,1e-05,NA,0.19,0.01
539,"Alimentos preparados","Feijão tropeiro mineiro",2.2,2.9,1.5,NA,0.06,1.39,0.67,NA,NA,NA,NA,0.13,2.69,0.04,1.25,0.19,0.05,NA,NA,NA,NA,NA
540,"Alimentos preparados","Feijoada",1.9,2.6,1.6,NA,0.07,1.25,0.58,NA,NA,NA,NA,0.13,2.41,0.04,1.35,0.18,0.02,NA,NA,NA,NA,NA
541,"Alimentos preparados","Frango, com açafrão",1.6,2.5,1.8,NA,0.03,1.24,0.34,1e-05,1e-05,NA,1e-05,0.26,2.23,0.02,1.57,0.11,0.03,NA,1e-05,NA,0.01,NA
542,"Alimentos preparados","Macarrão, molho bolognesa",0.3,0.3,0.3,NA,1e-05,0.21,0.07,1e-05,1e-05,NA,NA,0.01,0.25,1e-05,0.28,0.01,NA,1e-05,NA,NA,1e-05,1e-05
543,"Alimentos preparados","Maniçoba",2.9,3.7,1.7,NA,0.08,1.73,1.01,0.02,0.01,NA,NA,0.16,3.42,0.08,1.41,0.16,0.04,NA,NA,NA,0.04,NA
544,"Alimentos preparados","Quibebe",1,1.1,0.2,NA,0.08,0.61,0.32,1e-05,NA,1e-05,0.03,0.11,0.95,1e-05,0.18,0.06,1e-05,1e-05,1e-05,NA,0.06,1e-05
545,"Alimentos preparados","Salada, de legumes, com maionese",1.1,1.8,3.8,NA,NA,0.79,0.26,0.02,0.03,1e-05,NA,1e-05,1.75,0.02,3.46,0.36,NA,NA,NA,NA,NA,0.01
546,"Alimentos preparados","Salada, de legumes, cozida no vapor",0.1,1e-05,0.2,NA,NA,0.05,0.01,1e-05,NA,NA,NA,1e-05,0.02,NA,0.07,0.08,NA,NA,NA,NA,NA,NA
547,"Alimentos preparados","Salpicão, de frango",1.3,2.1,4,NA,1e-05,0.93,0.34,0.02,0.04,0.02,NA,0.04,2.02,0.02,3.6,0.36,0.04,NA,NA,NA,NA,0.02
548,"Alimentos preparados","Sarapatel",1.4,1.1,0.7,NA,0.02,0.76,0.56,0.02,0.01,0.02,NA,0.03,1.04,0.01,0.61,0.03,0.04,1e-05,NA,NA,1e-05,NA
549,"Alimentos preparados","Tabule",0.2,0.8,0.2,NA,NA,0.18,0.03,NA,NA,NA,NA,0.01,0.82,NA,0.2,0.03,NA,NA,NA,NA,NA,NA
550,"Alimentos preparados","Tacacá",0.2,0.1,1e-05,NA,0,0.1,0.05,0,0.01,NA,NA,0.01,0.12,1e-05,0.03,NA,NA,NA,NA,NA,NA,NA
551,"Alimentos preparados","Tapioca, com manteiga",6,3,0.2,0.25,1.08,3.38,1.38,0.02,NA,NA,0.08,0.18,2.64,0.02,0.17,0.02,NA,NA,NA,NA,0.3,0.03
552,"Alimentos preparados","Tucupi, com pimenta-de-cheiro",0.1,0.1,1e-05,NA,NA,0.06,1e-05,NA,1e-05,NA,NA,NA,0.15,1e-05,0.04,1e-05,NA,NA,NA,NA,NA,NA
553,"Alimentos preparados","Vaca atolada",4.1,3.2,1.2,NA,0.29,2.1,1.57,0.02,1e-05,NA,0.04,0.21,2.81,0.02,1.11,0.12,NA,NA,NA,NA,0.21,NA
554,"Alimentos preparados","Vatapá",7.5,9.7,4.7,0.04,0.34,4.6,2.42,0.04,NA,NA,NA,0.34,9.07,0.17,4.21,0.3,0.06,NA,NA,NA,0.15,NA
555,"Alimentos preparados","Virado à paulista",8.3,10.6,5.1,0.05,0.37,5.12,2.64,0.05,NA,NA,NA,0.44,9.85,0.19,4.57,0.32,0.07,NA,NA,NA,0.17,NA
556,"Alimentos preparados","Yakisoba",0.6,0.9,1,NA,1e-05,0.39,0.19,1e-05,NA,NA,NA,0.03,0.84,1e-05,0.94,0.05,NA,1e-05,NA,NA,0.01,NA
557,"Leguminosas e derivados","Amendoim, grão, cru",8.7,17.2,16.2,NA,NA,4.85,1.21,0.56,1.36,0.66,NA,0.03,16.67,0.45,16.17,0.04,NA,NA,NA,NA,NA,NA
558,"Leguminosas e derivados","Amendoim, torrado, salgado",9.7,29.1,14.2,NA,0.04,5.28,1.28,0.63,1.52,0.94,NA,NA,28.15,0.79,14.18,0.06,NA,NA,NA,NA,NA,NA
559,"Leguminosas e derivados","Ervilha, em vagem",1e-05,0.1,0.3,NA,1e-05,NA,0.02,1e-05,1e-05,0.01,NA,1e-05,0.08,1e-05,0.27,0.04,NA,NA,NA,NA,NA,NA
560,"Leguminosas e derivados","Ervilha, enlatada, drenada",0.1,0.1,0.2,NA,1e-05,0.06,0.02,1e-05,1e-05,1e-05,NA,NA,0.1,1e-05,0.15,0.02,NA,NA,NA,NA,NA,NA
561,"Leguminosas e derivados","Feijão, carioca, cozido",0.1,0.1,0.3,NA,NA,0.11,0.02,1e-05,1e-05,0.01,NA,1e-05,0.08,NA,0.16,0.14,NA,NA,NA,NA,NA,NA
562,"Leguminosas e derivados","Feijão, carioca, cru",0.2,0.1,0.9,NA,NA,0.14,0.03,1e-05,0.01,0.01,NA,NA,0.11,NA,0.4,0.49,NA,NA,NA,NA,NA,NA
563,"Leguminosas e derivados","Feijão, fradinho, cozido",0.2,0.1,0.3,NA,1e-05,0.18,0.03,0.01,0.02,0.01,NA,1e-05,0.05,1e-05,0.21,0.1,NA,NA,NA,NA,NA,NA
564,"Leguminosas e derivados","Feijão, fradinho, cru",0.7,0.2,0.9,1e-05,1e-05,0.5,0.08,0.02,0.04,0.03,NA,NA,0.15,0.01,0.58,0.28,NA,NA,NA,NA,NA,NA
565,"Leguminosas e derivados","Feijão, jalo, cozido",0.1,0.1,0.3,NA,1e-05,0.1,0.01,1e-05,1e-05,0.01,NA,1e-05,0.06,NA,0.11,0.2,NA,NA,NA,NA,NA,NA
566,"Leguminosas e derivados","Feijão, jalo, cru",0.3,0.2,0.6,NA,1e-05,0.25,0.03,1e-05,0.01,0.01,NA,1e-05,0.15,NA,0.23,0.41,NA,NA,NA,NA,NA,NA
567,"Leguminosas e derivados","Feijão, preto, cozido",0.1,0.1,0.3,NA,NA,0.11,0.02,1e-05,0.01,0.01,NA,NA,0.09,NA,0.16,0.11,NA,NA,NA,NA,NA,NA
568,"Leguminosas e derivados","Feijão, preto, cru",0.2,0.1,0.8,NA,1e-05,0.15,0.03,0.01,0.01,0.01,1e-05,1e-05,0.13,NA,0.38,0.47,NA,NA,NA,NA,NA,NA
569,"Leguminosas e derivados","Feijão, rajado, cozido",0.1,1e-05,0.2,NA,1e-05,0.1,0.02,1e-05,1e-05,1e-05,NA,1e-05,0.03,NA,0.09,0.13,NA,NA,NA,NA,NA,NA
570,"Leguminosas e derivados","Feijão, rajado, cru",0.4,0.1,0.8,NA,1e-05,0.3,0.04,0.01,0.01,0.01,NA,1e-05,0.14,NA,0.29,0.46,NA,NA,NA,NA,NA,NA
571,"Leguminosas e derivados","Feijão, rosinha, cozido",0.2,1e-05,0.2,NA,1e-05,0.12,0.02,0.01,0.02,0.01,NA,1e-05,0.04,1e-05,0.16,0.07,NA,NA,NA,NA,NA,NA
572,"Leguminosas e derivados","Feijão, rosinha, cru",0.6,0.1,0.7,NA,1e-05,0.28,0.05,0.01,0.03,0.02,NA,NA,0.09,0.01,0.33,0.14,NA,NA,NA,NA,NA,NA
573,"Leguminosas e derivados","Feijão, roxo, cozido",0.1,0.1,0.3,NA,1e-05,0.1,0.01,1e-05,1e-05,1e-05,NA,1e-05,0.06,1e-05,0.14,0.19,NA,NA,NA,NA,NA,NA
574,"Leguminosas e derivados","Feijão, roxo, cru",0.3,0.2,0.8,NA,1e-05,0.27,0.03,1e-05,0.01,0.01,NA,1e-05,0.16,NA,0.34,0.46,NA,NA,NA,NA,NA,NA
575,"Leguminosas e derivados","Grão-de-bico, cru",0.9,1.4,2.8,NA,0.01,0.57,0.2,0.05,0.02,0.01,NA,0.01,1.42,0.02,2.71,0.13,NA,NA,NA,NA,NA,NA
576,"Leguminosas e derivados","Guandu, cru",0.6,0.2,0.9,NA,1e-05,0.44,0.08,0.02,0.02,0.02,NA,1e-05,0.13,1e-05,0.86,0.06,NA,NA,NA,NA,1e-05,NA
577,"Leguminosas e derivados","Lentilha, cozida",0.1,0.1,0.3,NA,1e-05,0.08,0.01,1e-05,1e-05,1e-05,NA,1e-05,0.14,1e-05,0.21,0.04,NA,NA,NA,NA,NA,NA
578,"Leguminosas e derivados","Lentilha, crua",0.1,0.2,0.4,NA,0.01,0.1,0.01,0.01,1e-05,1e-05,1e-05,1e-05,0.16,0.01,0.33,0.09,NA,NA,NA,NA,NA,NA
579,"Leguminosas e derivados","Paçoca, amendoim",4.1,10,7.3,NA,NA,2.24,0.56,0.27,0.65,0.34,NA,0.01,9.73,0.26,7.25,0.02,NA,NA,NA,NA,NA,NA
580,"Leguminosas e derivados","Pé-de-moleque, amendoim",5.1,14.4,8.3,NA,NA,2.7,0.64,0.35,0.84,0.51,NA,0.02,13.91,0.41,8.25,NA,NA,NA,NA,NA,NA,NA
582,"Leguminosas e derivados","Soja, extrato solúvel, natural, fluido",0.2,0.3,0.6,NA,1e-05,0.12,0.05,1e-05,0.01,1e-05,NA,1e-05,0.25,0.01,0.58,0.06,NA,NA,NA,NA,NA,0.01
583,"Leguminosas e derivados","Soja, extrato solúvel, pó",3.3,6.4,12.9,NA,0.02,2.53,0.57,0.06,0.09,0.03,NA,0.02,6.3,0.05,11.67,1.23,NA,NA,NA,NA,NA,NA
584,"Leguminosas e derivados","Soja, queijo (tofu)",0.4,0.5,1.7,NA,0.01,0.27,0.1,0.01,0.01,1e-05,NA,1e-05,0.51,1e-05,1.48,0.2,NA,NA,NA,NA,NA,NA
585,"Leguminosas e derivados","Tremoço, cru",1.2,5.4,1.7,NA,NA,0.61,0.19,0.1,0.26,0.05,NA,0.02,4.89,0.33,1.08,0.57,NA,NA,NA,NA,NA,NA
586,"Leguminosas e derivados","Tremoço, em conserva",0.4,1.9,0.6,NA,NA,0.2,0.06,0.03,0.09,0.02,NA,1e-05,1.82,0.12,0.4,0.22,NA,NA,NA,NA,NA,NA
587,"Nozes e sementes","Amêndoa, torrada, salgada",4.8,32.3,16.2,NA,0.04,3.91,0.77,0.04,0.02,NA,NA,0.22,31.95,0.03,16.17,0.03,NA,NA,NA,NA,0.1,0.02
588,"Nozes e sementes","Castanha-de-caju, torrada, salgada",7.7,26.5,8.1,NA,NA,3.95,3.42,0.23,0.06,0.06,NA,0.13,26.27,0.08,8,0.08,NA,NA,NA,NA,0.11,NA
589,"Nozes e sementes","Castanha-do-Brasil, crua",15.3,27.4,21,NA,0.04,0.04,6.14,0.16,0.03,NA,NA,0.18,27.14,0.04,20.97,0.04,NA,NA,NA,NA,NA,NA
590,"Nozes e sementes","Coco, cru",30,1.5,0.3,15.37,6.12,2.74,0.97,NA,NA,NA,NA,NA,1.47,NA,0.32,NA,NA,NA,NA,NA,NA,NA
591,"Nozes e sementes","Coco, verde, cru",3.1,1.1,0.3,1.24,0.8,0.77,0.14,1e-05,1e-05,0.01,NA,1e-05,1.15,1e-05,0.28,NA,NA,NA,NA,NA,NA,NA
593,"Nozes e sementes","Gergelim, semente",7.8,19.9,22.5,NA,0.03,4.86,2.58,0.26,NA,0.04,NA,0.07,19.72,0.09,22.39,0.16,NA,NA,NA,NA,NA,NA
594,"Nozes e sementes","Linhaça, semente",4.2,7.1,25.3,NA,0.03,2.49,1.62,0.06,NA,0.04,NA,0.03,7.06,0.04,5.42,19.81,NA,NA,NA,NA,NA,NA
595,"Nozes e sementes","Pinhão, cozido",0.3,0.1,0.2,NA,NA,0.18,0.04,0.03,0.02,NA,NA,NA,0.09,NA,0.22,NA,NA,NA,NA,NA,NA,NA
596,"Nozes e sementes","Pupunha, cozida",3.1,6.8,0.4,NA,NA,2.77,0.26,0.03,NA,NA,NA,0.32,6.45,0.01,0.28,0.08,NA,NA,NA,NA,NA,NA
597,"Nozes e sementes","Noz, crua",5.6,8.7,44.1,NA,NA,4.26,1.34,NA,NA,NA,NA,NA,8.66,0.09,35.3,8.82,NA,NA,NA,NA,NA,NA
